<?xml version="1.0"?>
<battlemap terrain="BrushAlt" tower="False">
    <battlehex x="1" y="1" terrain="Brambles" elevation="0">
    </battlehex>
    <battlehex x="1" y="3" terrain="Brambles" elevation="0">
    </battlehex>
    <battlehex x="1" y="4" terrain="Brambles" elevation="0">
    </battlehex>
    <battlehex x="3" y="1" terrain="Brambles" elevation="0">
    </battlehex>
    <battlehex x="3" y="2" terrain="Brambles" elevation="0">
    </battlehex>
    <battlehex x="3" y="3" terrain="Brambles" elevation="0">
    </battlehex>
    <battlehex x="5" y="1" terrain="Brambles" elevation="0">
    </battlehex>
    <battlehex x="5" y="4" terrain="Brambles" elevation="0">
    </battlehex>
</battlemap>
