<?xml version="1.0"?>
<battlemap terrain="Fort" tower="False">
<!--  Battlelands generated by BattlelandsBuilder -->
    <battlehex x="2" y="1" terrain="Plains" elevation="1">
        <border number="1" type="s" />
        <border number="2" type="c" />
        <border number="3" type="s" />
        <border number="4" type="s" />
    </battlehex>
    <battlehex x="2" y="3" terrain="Tree" elevation="1">
    </battlehex>
    <battlehex x="2" y="4" terrain="Plains" elevation="1">
    </battlehex>
    <battlehex x="3" y="1" terrain="Lake" elevation="0">
    </battlehex>
    <battlehex x="3" y="3" terrain="Tower" elevation="2">
        <border number="0" type="w" />
        <border number="1" type="w" />
        <border number="2" type="w" />
        <border number="3" type="w" />
        <border number="4" type="w" />
        <border number="5" type="w" />
    </battlehex>
    <battlehex x="4" y="3" terrain="Brambles" elevation="0">
    </battlehex>
</battlemap>
