<?xml version="1.0"?>
<battlemap terrain="JungleAlt" tower="False">
    <battlehex x="1" y="2" terrain="Tree" elevation="1">
    </battlehex>
    <battlehex x="1" y="3" terrain="Brambles" elevation="0">
    </battlehex>
    <battlehex x="2" y="2" terrain="Brambles" elevation="0">
    </battlehex>
    <battlehex x="2" y="3" terrain="Brambles" elevation="0">
    </battlehex>
    <battlehex x="2" y="5" terrain="Brambles" elevation="0">
    </battlehex>
    <battlehex x="3" y="3" terrain="Tree" elevation="1">
    </battlehex>
    <battlehex x="4" y="2" terrain="Brambles" elevation="0">
    </battlehex>
    <battlehex x="4" y="3" terrain="Tree" elevation="1">
    </battlehex>
    <battlehex x="5" y="2" terrain="Brambles" elevation="0">
    </battlehex>
</battlemap>
