<?xml version="1.0"?>
<battlemap terrain="MountainsAlt" tower="False">
<!--  Battlelands generated by BattlelandsBuilder -->
    <battlehex x="0" y="2" terrain="Plains" elevation="2">
        <border number="1" type="s" />
    </battlehex>
    <battlehex x="0" y="3" terrain="Plains" elevation="2">
        <border number="2" type="s" />
        <border number="3" type="c" />
    </battlehex>
    <battlehex x="1" y="1" terrain="Plains" elevation="1">
    </battlehex>
    <battlehex x="1" y="2" terrain="Plains" elevation="2">
        <border number="0" type="s" />
        <border number="3" type="s" />
    </battlehex>
    <battlehex x="1" y="3" terrain="Plains" elevation="1">
        <border number="3" type="s" />
        <border number="4" type="s" />
    </battlehex>
    <battlehex x="2" y="1" terrain="Plains" elevation="1">
    </battlehex>
    <battlehex x="2" y="2" terrain="Plains" elevation="2">
        <border number="0" type="s" />
        <border number="5" type="s" />
    </battlehex>
    <battlehex x="2" y="3" terrain="Volcano" elevation="3">
        <border number="0" type="s" />
        <border number="3" type="c" />
        <border number="4" type="c" />
        <border number="5" type="s" />
    </battlehex>
    <battlehex x="2" y="4" terrain="Plains" elevation="1">
        <border number="3" type="s" />
        <border number="4" type="s" />
    </battlehex>
    <battlehex x="3" y="0" terrain="Plains" elevation="2">
        <border number="4" type="s" />
    </battlehex>
    <battlehex x="3" y="1" terrain="Plains" elevation="2">
        <border number="5" type="s" />
    </battlehex>
    <battlehex x="3" y="2" terrain="Volcano" elevation="3">
        <border number="0" type="s" />
        <border number="1" type="s" />
        <border number="2" type="s" />
        <border number="5" type="s" />
    </battlehex>
    <battlehex x="3" y="3" terrain="Volcano" elevation="2">
        <border number="2" type="s" />
        <border number="3" type="s" />
        <border number="4" type="s" />
    </battlehex>
    <battlehex x="3" y="4" terrain="Plains" elevation="1">
        <border number="3" type="s" />
        <border number="4" type="s" />
    </battlehex>
    <battlehex x="4" y="1" terrain="Plains" elevation="3">
        <border number="2" type="c" />
        <border number="3" type="s" />
        <border number="4" type="s" />
        <border number="5" type="s" />
    </battlehex>
    <battlehex x="4" y="2" terrain="Plains" elevation="2">
        <border number="1" type="s" />
        <border number="2" type="s" />
    </battlehex>
    <battlehex x="4" y="3" terrain="Drift" elevation="2">
        <border number="1" type="s" />
        <border number="3" type="s" />
    </battlehex>
    <battlehex x="4" y="4" terrain="Plains" elevation="1">
    </battlehex>
    <battlehex x="4" y="5" terrain="Plains" elevation="2">
        <border number="0" type="s" />
        <border number="4" type="c" />
        <border number="5" type="s" />
    </battlehex>
    <battlehex x="5" y="1" terrain="Plains" elevation="1">
    </battlehex>
    <battlehex x="5" y="2" terrain="Plains" elevation="1">
    </battlehex>
    <battlehex x="5" y="3" terrain="Plains" elevation="2">
        <border number="0" type="s" />
        <border number="4" type="s" />
    </battlehex>
    <battlehex x="5" y="4" terrain="Plains" elevation="2">
        <border number="5" type="s" />
    </battlehex>
</battlemap>
