<?xml version="1.0"?>
<battlemap terrain="Abyss" tower="False">
    <battlehex x="0" y="2" terrain="Tower" elevation="2">
    </battlehex>
    <battlehex x="0" y="3" terrain="Tower" elevation="2">
    </battlehex>
    <battlehex x="0" y="4" terrain="Tower" elevation="2">
    </battlehex>
    <battlehex x="1" y="1" terrain="Tower" elevation="2">
        <border number="2" type="w" />
    </battlehex>
    <battlehex x="1" y="2" terrain="Tower" elevation="2">
        <border number="1" type="w" />
        <border number="2" type="w" />
    </battlehex>
    <battlehex x="1" y="3" terrain="Tower" elevation="2">
        <border number="1" type="w" />
    </battlehex>
    <battlehex x="1" y="4" terrain="Tower" elevation="2">
    </battlehex>
    <battlehex x="2" y="1" terrain="Tower" elevation="2">
        <border number="2" type="w" />
        <border number="3" type="w" />
    </battlehex>
    <battlehex x="2" y="2" terrain="Drift" elevation="1">
        <border number="0" type="r" />
        <border number="2" type="w" />
        <border number="4" type="r" />
        <border number="5" type="r" />
    </battlehex>
    <battlehex x="2" y="3" terrain="Drift" elevation="1">
        <border number="1" type="w" />
        <border number="3" type="r" />
        <border number="4" type="r" />
        <border number="5" type="r" />
    </battlehex>
    <battlehex x="2" y="4" terrain="Tower" elevation="2">
        <border number="0" type="w" />
        <border number="1" type="w" />
    </battlehex>
    <battlehex x="2" y="5" terrain="Tower" elevation="2">
    </battlehex>
    <battlehex x="3" y="0" terrain="Tower" elevation="2">
        <border number="3" type="w" />
    </battlehex>
    <battlehex x="3" y="1" terrain="Drift" elevation="1">
        <border number="0" type="r" />
        <border number="1" type="r" />
        <border number="3" type="w" />
        <border number="5" type="r" />
    </battlehex>
    <battlehex x="3" y="2" terrain="Drift" elevation="0">
        <border number="0" type="r" />
        <border number="1" type="r" />
        <border number="2" type="r" />
        <border number="3" type="r" />
        <border number="4" type="r" />
        <border number="5" type="r" />
    </battlehex>
    <battlehex x="3" y="3" terrain="Drift" elevation="1">
        <border number="0" type="w" />
        <border number="2" type="r" />
        <border number="3" type="r" />
        <border number="4" type="r" />
    </battlehex>
    <battlehex x="3" y="4" terrain="Tower" elevation="2">
        <border number="0" type="w" />
    </battlehex>
    <battlehex x="3" y="5" terrain="Tower" elevation="2">
    </battlehex>
    <battlehex x="4" y="1" terrain="Tower" elevation="2">
        <border number="3" type="w" />
        <border number="4" type="w" />
    </battlehex>
    <battlehex x="4" y="2" terrain="Drift" elevation="1">
        <border number="0" type="r" />
        <border number="1" type="r" />
        <border number="2" type="r" />
        <border number="4" type="w" />
    </battlehex>
    <battlehex x="4" y="3" terrain="Drift" elevation="1">
        <border number="1" type="r" />
        <border number="2" type="r" />
        <border number="3" type="r" />
        <border number="5" type="w" />
    </battlehex>
    <battlehex x="4" y="4" terrain="Tower" elevation="2">
        <border number="0" type="w" />
        <border number="5" type="w" />
    </battlehex>
    <battlehex x="4" y="5" terrain="Tower" elevation="2">
    </battlehex>
    <battlehex x="5" y="1" terrain="Tower" elevation="2">
        <border number="4" type="w" />
    </battlehex>
    <battlehex x="5" y="2" terrain="Tower" elevation="2">
        <border number="4" type="w" />
        <border number="5" type="w" />
    </battlehex>
    <battlehex x="5" y="3" terrain="Tower" elevation="2">
        <border number="5" type="w" />
    </battlehex>
    <battlehex x="5" y="4" terrain="Tower" elevation="2">
    </battlehex>
    <startlist>
        <battlehexref label="D4" />
        <battlehexref label="C4" />
        <battlehexref label="E4" />
        <battlehexref label="D3" />
        <battlehexref label="C3" />
        <battlehexref label="E3" />
        <battlehexref label="D5" />
    </startlist>
</battlemap>
