<?xml version="1.0"?>
<battlemap terrain="Brush" tower="False">
    <battlehex x="0" y="2" terrain="Brambles" elevation="0">
    </battlehex>
    <battlehex x="0" y="4" terrain="Brambles" elevation="0">
    </battlehex>
    <battlehex x="1" y="3" terrain="Brambles" elevation="0">
    </battlehex>
    <battlehex x="2" y="2" terrain="Brambles" elevation="0">
    </battlehex>
    <battlehex x="2" y="4" terrain="Brambles" elevation="0">
    </battlehex>
    <battlehex x="3" y="0" terrain="Brambles" elevation="0">
    </battlehex>
    <battlehex x="3" y="1" terrain="Brambles" elevation="0">
    </battlehex>
    <battlehex x="3" y="2" terrain="Brambles" elevation="0">
    </battlehex>
    <battlehex x="3" y="3" terrain="Brambles" elevation="1">
        <border number="0" type="s" />
        <border number="1" type="s" />
        <border number="2" type="s" />
        <border number="3" type="s" />
        <border number="4" type="s" />
        <border number="5" type="s" />
    </battlehex>
    <battlehex x="3" y="5" terrain="Brambles" elevation="0">
    </battlehex>
    <battlehex x="4" y="3" terrain="Brambles" elevation="0">
    </battlehex>
    <battlehex x="4" y="4" terrain="Brambles" elevation="0">
    </battlehex>
    <battlehex x="5" y="1" terrain="Brambles" elevation="0">
    </battlehex>
    <battlehex x="5" y="2" terrain="Bog" elevation="0">
    </battlehex>
    <battlehex x="5" y="4" terrain="Brambles" elevation="0">
    </battlehex>
</battlemap>
