<?xml version="1.0"?>
<battlemap terrain="Plains" tower="False">
    <battlehex x="0" y="2" terrain="Plains" elevation="1">
        <border number="1" type="s" />
        <border number="2" type="s" />
    </battlehex>
    <battlehex x="0" y="3" terrain="Plains" elevation="1">
        <border number="1" type="s" />
        <border number="2" type="s" />
    </battlehex>
    <battlehex x="0" y="4" terrain="Plains" elevation="1">
        <border number="1" type="s" />
        <border number="2" type="s" />
    </battlehex>
    <battlehex x="2" y="1" terrain="Plains" elevation="0">
        <border number="3" type="r" />
        <border number="4" type="r" />
    </battlehex>
    <battlehex x="3" y="1" terrain="Bog" elevation="0">
    </battlehex>
    <battlehex x="3" y="4" terrain="Brambles" elevation="0">
    </battlehex>
    <battlehex x="5" y="1" terrain="Plains" elevation="1">
        <border number="4" type="s" />
        <border number="5" type="s" />
    </battlehex>
    <battlehex x="5" y="2" terrain="Plains" elevation="1">
        <border number="4" type="s" />
        <border number="5" type="s" />
    </battlehex>
    <battlehex x="5" y="3" terrain="Plains" elevation="1">
        <border number="4" type="s" />
        <border number="5" type="s" />
    </battlehex>
    <battlehex x="5" y="4" terrain="Plains" elevation="1">
        <border number="4" type="s" />
        <border number="5" type="s" />
    </battlehex>
</battlemap>
