<?xml version="1.0"?>
<battlemap terrain="Tundra" tower="False">
    <battlehex x="0" y="3" terrain="Drift" elevation="0">
    </battlehex>
    <battlehex x="1" y="1" terrain="Drift" elevation="0">
    </battlehex>
    <battlehex x="1" y="4" terrain="Drift" elevation="0">
    </battlehex>
    <battlehex x="2" y="1" terrain="Drift" elevation="0">
    </battlehex>
    <battlehex x="2" y="3" terrain="Drift" elevation="0">
    </battlehex>
    <battlehex x="2" y="4" terrain="Drift" elevation="0">
    </battlehex>
    <battlehex x="2" y="5" terrain="Drift" elevation="0">
    </battlehex>
    <battlehex x="3" y="1" terrain="Drift" elevation="0">
    </battlehex>
    <battlehex x="3" y="2" terrain="Drift" elevation="0">
    </battlehex>
    <battlehex x="3" y="5" terrain="Plains" elevation="1">
        <border number="0" type="s" />
        <border number="5" type="s" />
    </battlehex>
    <battlehex x="4" y="3" terrain="Drift" elevation="0">
    </battlehex>
    <battlehex x="4" y="4" terrain="Drift" elevation="0">
    </battlehex>
    <battlehex x="4" y="5" terrain="Plains" elevation="1">
        <border number="0" type="s" />
        <border number="5" type="s" />
    </battlehex>
    <battlehex x="5" y="1" terrain="Drift" elevation="0">
    </battlehex>
    <battlehex x="5" y="4" terrain="Plains" elevation="1">
        <border number="0" type="s" />
        <border number="5" type="s" />
    </battlehex>
</battlemap>
