<?xml version="1.0"?>
<battlemap terrain="Swamp" tower="False">
    <battlehex x="0" y="4" terrain="Bog" elevation="0">
    </battlehex>
    <battlehex x="1" y="2" terrain="Lake" elevation="0">
    </battlehex>
    <battlehex x="1" y="3" terrain="Plains" elevation="0">
    </battlehex>
    <battlehex x="2" y="2" terrain="Bog" elevation="0">
    </battlehex>
    <battlehex x="2" y="3" terrain="TarPit" elevation="0">
    </battlehex>
    <battlehex x="2" y="4" terrain="Plains" elevation="0">
        <border number="2" type="r" />
    </battlehex>
    <battlehex x="2" y="5" terrain="Lake" elevation="0">
    </battlehex>
    <battlehex x="3" y="0" terrain="Brambles" elevation="0">
    </battlehex>
    <battlehex x="3" y="1" terrain="TarPit" elevation="0">
    </battlehex>
    <battlehex x="3" y="2" terrain="Lake" elevation="0">
    </battlehex>
    <battlehex x="3" y="3" terrain="Lake" elevation="0">
    </battlehex>
    <battlehex x="3" y="5" terrain="Bog" elevation="0">
    </battlehex>
    <battlehex x="4" y="3" terrain="Bog" elevation="0">
    </battlehex>
    <battlehex x="4" y="4" terrain="Bog" elevation="0">
    </battlehex>
    <battlehex x="5" y="1" terrain="Bog" elevation="0">
    </battlehex>
    <battlehex x="5" y="4" terrain="Brambles" elevation="0">
    </battlehex>
</battlemap>
