<?xml version="1.0" encoding="UTF-8"?>
<ColossusSnapshot version="13">
    <Variant dir="SmallTitan" file="SmallTitanVar.xml" name="SmallTitan" />
    <TurnNumber>2</TurnNumber>
    <CurrentPlayer>0</CurrentPlayer>
    <CurrentPhase>1</CurrentPhase>
    <Caretaker>
        <Creature name="Angel" remaining="18" dead="0" />
        <Creature name="Archangel" remaining="6" dead="0" />
        <Creature name="Behemoth" remaining="18" dead="0" />
        <Creature name="Centaur" remaining="25" dead="0" />
        <Creature name="Colossus" remaining="10" dead="0" />
        <Creature name="Cyclops" remaining="28" dead="0" />
        <Creature name="Dragon" remaining="18" dead="0" />
        <Creature name="Gargoyle" remaining="21" dead="0" />
        <Creature name="Giant" remaining="18" dead="0" />
        <Creature name="Gorgon" remaining="25" dead="0" />
        <Creature name="Griffon" remaining="18" dead="0" />
        <Creature name="Guardian" remaining="6" dead="0" />
        <Creature name="Hydra" remaining="10" dead="0" />
        <Creature name="Lion" remaining="28" dead="0" />
        <Creature name="Minotaur" remaining="21" dead="0" />
        <Creature name="Ogre" remaining="25" dead="0" />
        <Creature name="Ranger" remaining="28" dead="0" />
        <Creature name="Serpent" remaining="10" dead="0" />
        <Creature name="Titan" remaining="0" dead="0" />
        <Creature name="Troll" remaining="28" dead="0" />
        <Creature name="Unicorn" remaining="12" dead="0" />
        <Creature name="Warbear" remaining="21" dead="0" />
        <Creature name="Warlock" remaining="6" dead="0" />
        <Creature name="Wyvern" remaining="18" dead="0" />
    </Caretaker>
    <Player name="Red1" type="net.sf.colossus.ai.SimpleAI" color="Red" startingTower="6000" score="0" dead="false" mulligansLeft="1" colorsElim="" movementRoll="0" teleported="false" summoned="false">
        <Legion name="Rd01" currentHex="5" startingHex="5" moved="false" entrySide="0" parent="null" recruitName="null" battleTally="0">
        </Legion>
    </Player>
    <Player name="Brown" type="net.sf.colossus.ai.SimpleAI" color="Brown" startingTower="2000" score="0" dead="false" mulligansLeft="1" colorsElim="" movementRoll="0" teleported="false" summoned="false">
        <Legion name="Br01" currentHex="6" startingHex="6" moved="false" entrySide="0" parent="null" recruitName="null" battleTally="0">
        </Legion>
    </Player>
    <DataFile DataFileKey="Swamp.xml,SmallTitan/Battlelands,Default/Battlelands"><![CDATA[<?xml version="1.0"?>
<battlemap terrain="Swamp" tower="False">
    <battlehex x="1" y="3" terrain="Bog" elevation="0">
    </battlehex>
    <battlehex x="2" y="1" terrain="Bog" elevation="0">
    </battlehex>
    <battlehex x="2" y="2" terrain="Tree" elevation="1">
    </battlehex>
    <battlehex x="2" y="4" terrain="Tree" elevation="1">
    </battlehex>
    <battlehex x="3" y="3" terrain="Bog" elevation="0">
    </battlehex>
    <battlehex x="3" y="5" terrain="Bog" elevation="0">
    </battlehex>
    <battlehex x="4" y="2" terrain="Tree" elevation="1">
    </battlehex>
    <battlehex x="5" y="3" terrain="Bog" elevation="0">
    </battlehex>
</battlemap>
]]></DataFile>
    <DataFile DataFileKey="SmallTitanVar.xml,SmallTitan,Default"><![CDATA[<?xml version="1.0"?>
<variant name="SmallTitan">
    <strategic_map filename="SmallTitanMap.xml" />
    <creatures filename="DefaultCre.xml" />
    <terrain_recruits filename="DefaultTer.xml" />
    <max_players num="3" />
    <hint classname="SmallTitan.SmallTitanHint" />
</variant>
]]></DataFile>
    <DataFile DataFileKey="Marsh.xml,SmallTitan/Battlelands,Default/Battlelands"><![CDATA[<?xml version="1.0"?>
<battlemap terrain="Marsh" tower="False">
    <battlehex x="0" y="2" terrain="Bog" elevation="0">
    </battlehex>
    <battlehex x="2" y="3" terrain="Bog" elevation="0">
    </battlehex>
    <battlehex x="2" y="4" terrain="Bog" elevation="0">
    </battlehex>
    <battlehex x="3" y="1" terrain="Bog" elevation="0">
    </battlehex>
    <battlehex x="4" y="3" terrain="Bog" elevation="0">
    </battlehex>
    <battlehex x="4" y="5" terrain="Bog" elevation="0">
    </battlehex>
</battlemap>
]]></DataFile>
    <DataFile DataFileKey="README.html,SmallTitan"><![CDATA[<!DOCTYPE HTML PUBLIC "-//W3C//DTD HTML 4.01 Transitional//EN">
<html>
  <head>
    <title>README for Colossus SmallTitan Variant
</title>
  </head>

  <body>
    <h1>README for Colossus SmallTitan Variant
    </h1>

<H2>What is SmallTitan ?</H2>

SmallTitan is a variant that uses a smaller MasterBoard, allowing only three players. It was designed to help debug the code :-) <p>

<H2>File Version</H2>

$$<p>

    <hr>
<!-- Created: Wed Feb 27 14:36:42 MET 2002 -->
<!-- hhmts start -->
Last modified: Tue May  7 14:47:06 MET DST 2002
<!-- hhmts end -->
  </body>
</html>
]]></DataFile>
    <DataFile DataFileKey="Tundra.xml,SmallTitan/Battlelands,Default/Battlelands"><![CDATA[<?xml version="1.0"?>
<battlemap terrain="Tundra" tower="False">
    <battlehex x="0" y="4" terrain="Drift" elevation="0">
    </battlehex>
    <battlehex x="1" y="3" terrain="Drift" elevation="0">
    </battlehex>
    <battlehex x="2" y="1" terrain="Drift" elevation="0">
    </battlehex>
    <battlehex x="2" y="2" terrain="Drift" elevation="0">
    </battlehex>
    <battlehex x="2" y="4" terrain="Drift" elevation="0">
    </battlehex>
    <battlehex x="3" y="3" terrain="Drift" elevation="0">
    </battlehex>
    <battlehex x="4" y="2" terrain="Drift" elevation="0">
    </battlehex>
    <battlehex x="4" y="5" terrain="Drift" elevation="0">
    </battlehex>
    <battlehex x="5" y="3" terrain="Drift" elevation="0">
    </battlehex>
</battlemap>
]]></DataFile>
    <DataFile DataFileKey="Desert.xml,SmallTitan/Battlelands,Default/Battlelands"><![CDATA[<?xml version="1.0"?>
<battlemap terrain="Desert" tower="False">
    <battlehex x="0" y="3" terrain="Sand" elevation="0">
        <border number="0" type="d" />
        <border number="1" type="d" />
    </battlehex>
    <battlehex x="0" y="4" terrain="Sand" elevation="0">
    </battlehex>
    <battlehex x="1" y="3" terrain="Sand" elevation="0">
        <border number="0" type="d" />
        <border number="1" type="d" />
        <border number="2" type="d" />
        <border number="3" type="c" />
    </battlehex>
    <battlehex x="3" y="0" terrain="Sand" elevation="0">
    </battlehex>
    <battlehex x="3" y="1" terrain="Sand" elevation="0">
        <border number="4" type="d" />
    </battlehex>
    <battlehex x="3" y="2" terrain="Sand" elevation="0">
        <border number="2" type="d" />
        <border number="3" type="c" />
        <border number="4" type="c" />
        <border number="5" type="d" />
    </battlehex>
    <battlehex x="3" y="5" terrain="Sand" elevation="0">
        <border number="0" type="d" />
        <border number="5" type="d" />
    </battlehex>
    <battlehex x="4" y="1" terrain="Sand" elevation="0">
    </battlehex>
    <battlehex x="4" y="2" terrain="Sand" elevation="0">
        <border number="2" type="d" />
        <border number="3" type="d" />
    </battlehex>
    <battlehex x="4" y="5" terrain="Sand" elevation="0">
        <border number="0" type="c" />
        <border number="1" type="d" />
        <border number="5" type="d" />
    </battlehex>
    <battlehex x="5" y="1" terrain="Sand" elevation="0">
    </battlehex>
</battlemap>
]]></DataFile>
    <DataFile DataFileKey="MarkersName,Default"><![CDATA[# Black
Bk01 = Axes
Bk02 = Eye
Bk03 = Die
Bk04 = Feather
Bk05 = Hand
Bk06 = Lightning
Bk07 = Pumpkin
Bk08 = Rose
Bk09 = Scorpion
Bk10 = Skull
Bk11 = Arrowhead
Bk12 = Tombstone
# Brown
Br01 = Antlers
Br02 = Bell
Br03 = Chest
Br04 = Figurehead
Br05 = Hook
Br06 = Hourglass
Br07 = Paw
Br08 = Ram
Br09 = Scroll
Br10 = Spider
Br11 = Tankard
Br12 = Wheel
# Blue
Bu01 = Anchor
Bu02 = Bat
Bu03 = Candle
Bu04 = Cloud
Bu05 = Egg
Bu06 = Foot
Bu07 = Fountain
Bu08 = Moon
Bu09 = Octopus
Bu10 = Padlock
Bu11 = Tornado
Bu12 = Trident
# Gold
Gd01 = Caduceus
Gd02 = Claw
Gd03 = Coins
Gd04 = Crown
Gd05 = Horn
Gd06 = Lamp
Gd07 = Pyramid
Gd08 = Rings
Gd09 = Scarab
Gd10 = Scimitars
Gd11 = Sun
Gd12 = Wheat
# Green
Gr01 = Cauldron
Gr02 = Dagger
Gr03 = Diamond
Gr04 = Fish
Gr05 = Fleur
Gr06 = Frog
Gr07 = Grapple
Gr08 = Harp
Gr09 = Lobster
Gr10 = Laurel
Gr11 = Scales
Gr12 = Ourobouros
# Red
Rd01 = Cross
Rd02 = Eagle
Rd03 = Fist
Rd04 = Gong
Rd05 = Heart
Rd06 = Jester
Rd07 = Salamander
Rd08 = Shield
Rd09 = Spiral
Rd10 = Star
Rd11 = Sword
Rd12 = Torch
# Orange
Or01 = Ankh
Or02 = Broom
Or03 = Cat
Or04 = Crystal
Or05 = Flames
Or06 = Fox
Or07 = Arch
Or08 = Pentacle
Or09 = Potion
Or10 = Staff
Or11 = Wand
Or12 = Wings
# Purple
Pu01 = Carriage
Pu02 = Castle
Pu03 = Circlet
Pu04 = Eggplant
Pu05 = Golgotha
Pu06 = Grapes
Pu07 = Helmet
Pu08 = Inkwell
Pu09 = Mountain
Pu10 = Penguin
Pu11 = Pomegranate
Pu12 = Violet
# Silver
Si01 = Book
Si02 = Buckle
Si03 = Catapult
Si04 = Crossbow
Si05 = Gauntlet
Si06 = Hilt
Si07 = Ingots
Si08 = Medal
Si09 = OneRing
Si10 = River
Si11 = Shackles
Si12 = Spoons
# Sky
Sk01 = Bow
Sk02 = Chalice
Sk03 = Clock
Sk04 = Drum
Sk05 = Guillotine
Sk06 = Hammer
Sk07 = Peace
Sk08 = Pick
Sk09 = Portcullis
Sk10 = Runes
Sk11 = Shuriken
Sk12 = Snowflake
# Pine
Pi01 = Banana
Pi02 = Clover
Pi03 = Dollar
Pi04 = Duck
Pi05 = Envelope
Pi06 = Football
Pi07 = Henge
Pi08 = Horse
Pi09 = Mushroom
Pi10 = Tomahawk
Pi11 = Tree
Pi12 = Yin-Yang
# Indigo
In01 = Parthenon
In02 = Boot
In03 = Candelabra
In04 = Elephant
In05 = Halberd
In06 = Jug
In07 = Kanji
In08 = Lion
In09 = Omega
In10 = Pagoda
In11 = Pennant
In12 = Sombrero
]]></DataFile>
    <DataFile DataFileKey="Jungle.xml,SmallTitan/Battlelands,Default/Battlelands"><![CDATA[<?xml version="1.0"?>
<battlemap terrain="Jungle" tower="False">
    <battlehex x="0" y="3" terrain="Brambles" elevation="0">
    </battlehex>
    <battlehex x="1" y="1" terrain="Tree" elevation="1">
    </battlehex>
    <battlehex x="2" y="1" terrain="Brambles" elevation="0">
    </battlehex>
    <battlehex x="2" y="3" terrain="Brambles" elevation="0">
    </battlehex>
    <battlehex x="2" y="5" terrain="Brambles" elevation="0">
    </battlehex>
    <battlehex x="3" y="2" terrain="Brambles" elevation="0">
    </battlehex>
    <battlehex x="3" y="3" terrain="Tree" elevation="1">
    </battlehex>
    <battlehex x="4" y="4" terrain="Brambles" elevation="0">
    </battlehex>
    <battlehex x="5" y="1" terrain="Brambles" elevation="0">
    </battlehex>
    <battlehex x="5" y="2" terrain="Tree" elevation="1">
    </battlehex>
</battlemap>
]]></DataFile>
    <DataFile DataFileKey="Woods.xml,SmallTitan/Battlelands,Default/Battlelands"><![CDATA[<?xml version="1.0"?>
<battlemap terrain="Woods" tower="False">
    <battlehex x="0" y="2" terrain="Tree" elevation="1">
    </battlehex>
    <battlehex x="2" y="3" terrain="Tree" elevation="1">
    </battlehex>
    <battlehex x="3" y="5" terrain="Tree" elevation="1">
    </battlehex>
    <battlehex x="4" y="1" terrain="Tree" elevation="1">
    </battlehex>
    <battlehex x="4" y="3" terrain="Tree" elevation="1">
    </battlehex>
</battlemap>
]]></DataFile>
    <DataFile DataFileKey="DefaultCre.xml,SmallTitan,Default"><![CDATA[<?xml version="1.0"?>
<creatures version="2">
    <creature name="Angel" power="6" skill="4" rangestrikes="false" flies="true" Brambles="false" Drift="false" Bog="false" Sand="false" slope="false" Volcano="false" river="false" Stone="false" Tree="false" Lake="false" magic_missile="false" summonable="true" lord="true" demilord="false" count="18" plural_name="Angels" base_color="giantBlue" />
    <creature name="Archangel" power="9" skill="4" rangestrikes="false" flies="true" Brambles="false" Drift="false" Bog="false" Sand="false" slope="false" Volcano="false" river="false" Stone="false" Tree="false" Lake="false" magic_missile="false" summonable="true" lord="true" demilord="false" count="6" plural_name="Archangels" base_color="hydraOrange" />
    <creature name="Behemoth" power="8" skill="3" rangestrikes="false" flies="false" Brambles="true" Drift="false" Bog="false" Sand="false" slope="false" Volcano="false" river="false" Stone="false" Tree="false" Lake="false" magic_missile="false" summonable="false" lord="false" demilord="false" count="18" plural_name="Behemoths" base_color="behemothGreen" />
    <creature name="Centaur" power="3" skill="4" rangestrikes="false" flies="false" Brambles="false" Drift="false" Bog="false" Sand="false" slope="false" Volcano="false" river="true" Stone="false" Tree="false" Lake="false" magic_missile="false" summonable="false" lord="false" demilord="false" count="25" plural_name="Centaurs" base_color="centaurGold" />
    <creature name="Colossus" power="10" skill="4" rangestrikes="false" flies="false" Brambles="false" Drift="true" Bog="false" Sand="false" slope="true" Volcano="false" river="false" Stone="false" Tree="false" Lake="false" magic_missile="false" summonable="false" lord="false" demilord="false" count="10" plural_name="Colossi" base_color="colossusPink" />
    <creature name="Cyclops" power="9" skill="2" rangestrikes="false" flies="false" Brambles="true" Drift="false" Bog="false" Sand="false" slope="false" Volcano="false" river="false" Stone="false" Tree="false" Lake="false" magic_missile="false" summonable="false" lord="false" demilord="false" count="28" plural_name="Cyclopes" base_color="behemothGreen" />
    <creature name="Dragon" power="9" skill="3" rangestrikes="true" flies="true" Brambles="false" Drift="false" Bog="false" Sand="false" slope="true" Volcano="true" river="false" Stone="false" Tree="false" Lake="false" magic_missile="false" summonable="false" lord="false" demilord="false" count="18" plural_name="Dragons" base_color="red" />
    <creature name="Gargoyle" power="4" skill="3" rangestrikes="false" flies="true" Brambles="true" Drift="false" Bog="false" Sand="false" slope="false" Volcano="false" river="false" Stone="false" Tree="false" Lake="false" magic_missile="false" summonable="false" lord="false" demilord="false" count="21" plural_name="Gargoyles" base_color="black" />
    <creature name="Giant" power="7" skill="4" rangestrikes="true" flies="false" Brambles="false" Drift="true" Bog="false" Sand="false" slope="false" Volcano="false" river="false" Stone="false" Tree="false" Lake="false" magic_missile="false" summonable="false" lord="false" demilord="false" count="18" plural_name="Giants" base_color="giantBlue" />
    <creature name="Gorgon" power="6" skill="3" rangestrikes="true" flies="true" Brambles="true" Drift="false" Bog="false" Sand="false" slope="false" Volcano="false" river="false" Stone="false" Tree="false" Lake="false" magic_missile="false" summonable="false" lord="false" demilord="false" count="25" plural_name="Gorgons" base_color="black" />
    <creature name="Griffon" power="5" skill="4" rangestrikes="false" flies="true" Brambles="false" Drift="false" Bog="false" Sand="true" slope="false" Volcano="false" river="false" Stone="false" Tree="false" Lake="false" magic_missile="false" summonable="false" lord="false" demilord="false" count="18" plural_name="Griffons" base_color="hydraOrange" />
    <creature name="Guardian" power="12" skill="2" rangestrikes="false" flies="true" Brambles="false" Drift="false" Bog="false" Sand="false" slope="false" Volcano="false" river="false" Stone="false" Tree="false" Lake="false" magic_missile="false" summonable="false" lord="false" demilord="true" count="6" plural_name="Guardians" base_color="colossusPink" />
    <creature name="Hydra" power="10" skill="3" rangestrikes="true" flies="false" Brambles="false" Drift="false" Bog="true" Sand="true" slope="false" Volcano="false" river="false" Stone="false" Tree="false" Lake="false" magic_missile="false" summonable="false" lord="false" demilord="false" count="10" plural_name="Hydrae" base_color="hydraOrange" />
    <creature name="Lion" power="5" skill="3" rangestrikes="false" flies="false" Brambles="false" Drift="false" Bog="false" Sand="true" slope="true" Volcano="false" river="true" Stone="false" Tree="false" Lake="false" magic_missile="false" summonable="false" lord="false" demilord="false" count="28" plural_name="Lions" base_color="red" />
    <creature name="Minotaur" power="4" skill="4" rangestrikes="true" flies="false" Brambles="false" Drift="false" Bog="false" Sand="false" slope="true" Volcano="false" river="false" Stone="false" Tree="false" Lake="false" magic_missile="false" summonable="false" lord="false" demilord="false" count="21" plural_name="Minotaurs" base_color="ogreRed" />
    <creature name="Ogre" power="6" skill="2" rangestrikes="false" flies="false" Brambles="false" Drift="false" Bog="true" Sand="false" slope="true" Volcano="false" river="false" Stone="false" Tree="false" Lake="false" magic_missile="false" summonable="false" lord="false" demilord="false" count="25" plural_name="Ogres" base_color="ogreRed" />
    <creature name="Ranger" power="4" skill="4" rangestrikes="true" flies="true" Brambles="false" Drift="false" Bog="true" Sand="false" slope="false" Volcano="false" river="true" Stone="false" Tree="false" Lake="false" magic_missile="false" summonable="false" lord="false" demilord="false" count="28" plural_name="Rangers" base_color="colossusPink" />
    <creature name="Serpent" power="18" skill="2" rangestrikes="false" flies="false" Brambles="true" Drift="false" Bog="false" Sand="false" slope="false" Volcano="false" river="false" Stone="false" Tree="false" Lake="false" magic_missile="false" summonable="false" lord="false" demilord="false" count="10" plural_name="Serpents" base_color="hydraOrange" />
    <creature name="Titan" power="-1" skill="4" rangestrikes="false" flies="false" Brambles="false" Drift="false" Bog="false" Sand="false" slope="false" Volcano="false" river="false" Stone="false" Tree="false" Lake="false" magic_missile="false" summonable="false" lord="true" demilord="false" count="6" plural_name="Titans" base_color="black" />
    <creature name="Troll" power="8" skill="2" rangestrikes="false" flies="false" Brambles="false" Drift="true" Bog="true" Sand="false" slope="false" Volcano="false" river="false" Stone="false" Tree="false" Lake="false" magic_missile="false" summonable="false" lord="false" demilord="false" count="28" plural_name="Trolls" base_color="giantBlue" />
    <creature name="Unicorn" power="6" skill="4" rangestrikes="false" flies="false" Brambles="false" Drift="false" Bog="false" Sand="false" slope="true" Volcano="false" river="true" Stone="false" Tree="false" Lake="false" magic_missile="false" summonable="false" lord="false" demilord="false" count="12" plural_name="Unicorns" base_color="hydraOrange" />
    <creature name="Warbear" power="6" skill="3" rangestrikes="false" flies="false" Brambles="false" Drift="true" Bog="false" Sand="false" slope="false" Volcano="false" river="true" Stone="false" Tree="false" Lake="false" magic_missile="false" summonable="false" lord="false" demilord="false" count="21" plural_name="Warbears" base_color="centaurGold" />
    <creature name="Warlock" power="5" skill="4" rangestrikes="true" flies="false" Brambles="false" Drift="false" Bog="false" Sand="false" slope="false" Volcano="false" river="false" Stone="false" Tree="false" Lake="false" magic_missile="true" summonable="false" lord="false" demilord="true" count="6" plural_name="Warlocks" base_color="hydraOrange" />
    <creature name="Wyvern" power="7" skill="3" rangestrikes="false" flies="true" Brambles="false" Drift="false" Bog="true" Sand="false" slope="false" Volcano="false" river="false" Stone="false" Tree="false" Lake="false" magic_missile="false" summonable="false" lord="false" demilord="false" count="18" plural_name="Wyverns" base_color="colossusPink" />
</creatures>
]]></DataFile>
    <DataFile DataFileKey="SmallTitanMap.xml,SmallTitan,Default"><![CDATA[<?xml version="1.0"?>
<board width="15" height="8" >
    <hex label="1" terrain="Plains" xpos="5" ypos="4">
        <exit type="ARROWS" label="2" />
    </hex>
    <hex label="2" terrain="Woods" xpos="6" ypos="4">
        <exit type="ARROWS" label="3" />
        <exit type="ARCH" label="7" />
    </hex>
    <hex label="3" terrain="Brush" xpos="6" ypos="5">
        <exit type="ARROWS" label="4" />
        <exit type="ARCH" label="100" />
    </hex>
    <hex label="4" terrain="Hills" xpos="7" ypos="5">
        <exit type="ARROWS" label="5" />
    </hex>
    <hex label="5" terrain="Jungle" xpos="8" ypos="5">
        <exit type="ARROWS" label="6" />
    </hex>
    <hex label="6" terrain="Plains" xpos="8" ypos="4">
        <exit type="ARROWS" label="7" />
        <exit type="ARCH" label="200" />
    </hex>
    <hex label="7" terrain="Desert" xpos="7" ypos="4">
        <exit type="ARROWS" label="8" />
        <exit type="ARCH" label="2" />
    </hex>
    <hex label="8" terrain="Marsh" xpos="7" ypos="3">
        <exit type="ARROWS" label="9" />
        <exit type="ARCH" label="2000" />
    </hex>
    <hex label="9" terrain="Hills" xpos="8" ypos="3">
        <exit type="ARROWS" label="10" />
        <exit type="ARCH" label="14" />
    </hex>
    <hex label="10" terrain="Brush" xpos="9" ypos="3">
        <exit type="ARROWS" label="11" />
        <exit type="ARCH" label="200" />
    </hex>
    <hex label="11" terrain="Woods" xpos="10" ypos="3">
        <exit type="ARROWS" label="12" />
    </hex>
    <hex label="12" terrain="Jungle" xpos="10" ypos="2">
        <exit type="ARROWS" label="13" />
    </hex>
    <hex label="13" terrain="Marsh" xpos="9" ypos="2">
        <exit type="ARROWS" label="14" />
        <exit type="ARCH" label="300" />
    </hex>
    <hex label="14" terrain="Swamp" xpos="8" ypos="2">
        <exit type="ARROWS" label="15" />
        <exit type="ARCH" label="9" />
    </hex>
    <hex label="15" terrain="Plains" xpos="7" ypos="2">
        <exit type="ARROWS" label="16" />
    </hex>
    <hex label="16" terrain="Woods" xpos="7" ypos="1">
        <exit type="ARROWS" label="17" />
        <exit type="ARCH" label="21" />
    </hex>
    <hex label="17" terrain="Brush" xpos="8" ypos="1">
        <exit type="ARROWS" label="18" />
        <exit type="ARCH" label="300" />
    </hex>
    <hex label="18" terrain="Hills" xpos="8" ypos="0">
        <exit type="ARROWS" label="19" />
    </hex>
    <hex label="19" terrain="Jungle" xpos="7" ypos="0">
        <exit type="ARROWS" label="20" />
    </hex>
    <hex label="20" terrain="Plains" xpos="6" ypos="0">
        <exit type="ARROWS" label="21" />
        <exit type="ARCH" label="400" />
    </hex>
    <hex label="21" terrain="Desert" xpos="6" ypos="1">
        <exit type="ARROWS" label="22" />
        <exit type="ARCH" label="16" />
    </hex>
    <hex label="22" terrain="Marsh" xpos="5" ypos="1">
        <exit type="ARROWS" label="23" />
        <exit type="ARCH" label="4000" />
    </hex>
    <hex label="23" terrain="Hills" xpos="4" ypos="1">
        <exit type="ARROWS" label="24" />
        <exit type="ARCH" label="28" />
    </hex>
    <hex label="24" terrain="Brush" xpos="4" ypos="0">
        <exit type="ARROWS" label="25" />
        <exit type="ARCH" label="400" />
    </hex>
    <hex label="25" terrain="Woods" xpos="3" ypos="0">
        <exit type="ARROWS" label="26" />
    </hex>
    <hex label="26" terrain="Jungle" xpos="2" ypos="0">
        <exit type="ARROWS" label="27" />
    </hex>
    <hex label="27" terrain="Marsh" xpos="2" ypos="1">
        <exit type="ARROWS" label="28" />
        <exit type="ARCH" label="500" />
    </hex>
    <hex label="28" terrain="Swamp" xpos="3" ypos="1">
        <exit type="ARROWS" label="29" />
        <exit type="ARCH" label="23" />
    </hex>
    <hex label="29" terrain="Plains" xpos="3" ypos="2">
        <exit type="ARROWS" label="30" />
    </hex>
    <hex label="30" terrain="Woods" xpos="2" ypos="2">
        <exit type="ARROWS" label="31" />
        <exit type="ARCH" label="35" />
    </hex>
    <hex label="31" terrain="Brush" xpos="1" ypos="2">
        <exit type="ARROWS" label="32" />
        <exit type="ARCH" label="500" />
    </hex>
    <hex label="32" terrain="Hills" xpos="0" ypos="2">
        <exit type="ARROWS" label="33" />
    </hex>
    <hex label="33" terrain="Jungle" xpos="0" ypos="3">
        <exit type="ARROWS" label="34" />
    </hex>
    <hex label="34" terrain="Plains" xpos="1" ypos="3">
        <exit type="ARROWS" label="35" />
        <exit type="ARCH" label="600" />
    </hex>
    <hex label="35" terrain="Desert" xpos="2" ypos="3">
        <exit type="ARROWS" label="36" />
        <exit type="ARCH" label="30" />
    </hex>
    <hex label="36" terrain="Marsh" xpos="3" ypos="3">
        <exit type="ARROWS" label="37" />
        <exit type="ARCH" label="6000" />
    </hex>
    <hex label="37" terrain="Hills" xpos="3" ypos="4">
        <exit type="ARROWS" label="38" />
        <exit type="ARCH" label="42" />
    </hex>
    <hex label="38" terrain="Brush" xpos="2" ypos="4">
        <exit type="ARROWS" label="39" />
        <exit type="ARCH" label="600" />
    </hex>
    <hex label="39" terrain="Woods" xpos="2" ypos="5">
        <exit type="ARROWS" label="40" />
    </hex>
    <hex label="40" terrain="Jungle" xpos="3" ypos="5">
        <exit type="ARROWS" label="41" />
    </hex>
    <hex label="41" terrain="Marsh" xpos="4" ypos="5">
        <exit type="ARROWS" label="42" />
        <exit type="ARCH" label="100" />
    </hex>
    <hex label="42" terrain="Swamp" xpos="4" ypos="4">
        <exit type="ARROWS" label="1" />
        <exit type="ARCH" label="37" />
    </hex>
<!-- Towers -->
    <hex label="100" terrain="Mountains" xpos="5" ypos="5">
        <exit type="ARROW" label="41" />
        <exit type="ARROW" label="3" />
    </hex>
    <hex label="200" terrain="Tundra" xpos="9" ypos="4">
        <exit type="ARROW" label="6" />
        <exit type="ARROW" label="10" />
    </hex>
    <hex label="300" terrain="Mountains" xpos="9" ypos="1">
        <exit type="ARROW" label="13" />
        <exit type="ARROW" label="17" />
    </hex>
    <hex label="400" terrain="Tundra" xpos="5" ypos="0">
        <exit type="ARROW" label="20" />
        <exit type="ARROW" label="24" />
    </hex>
    <hex label="500" terrain="Mountains" xpos="1" ypos="1">
        <exit type="ARROW" label="27" />
        <exit type="ARROW" label="31" />
    </hex>
    <hex label="600" terrain="Tundra" xpos="1" ypos="4">
        <exit type="ARROW" label="34" />
        <exit type="ARROW" label="38" />
    </hex>
<!-- inner -->
    <hex label="1000" terrain="Brush" xpos="5" ypos="3">
        <exit type="ARROWS" label="1" />
    </hex>
    <hex label="2000" terrain="Tower" xpos="6" ypos="3">
        <exit type="ARROW" label="8" />
        <exit type="ARROW" label="3000" />
        <exit type="ARROW" label="1000" />
    </hex>
    <hex label="3000" terrain="Brush" xpos="6" ypos="2">
        <exit type="ARROWS" label="15" />
    </hex>
    <hex label="4000" terrain="Tower" xpos="5" ypos="2">
        <exit type="ARROW" label="22" />
        <exit type="ARROW" label="5000" />
        <exit type="ARROW" label="3000" />
    </hex>
    <hex label="5000" terrain="Brush" xpos="4" ypos="2">
        <exit type="ARROWS" label="29" />
    </hex>
    <hex label="6000" terrain="Tower" xpos="4" ypos="3">
        <exit type="ARROW" label="36" />
        <exit type="ARROW" label="1000" />
        <exit type="ARROW" label="5000" />
    </hex>
</board>
]]></DataFile>
    <DataFile DataFileKey="Tower.xml,SmallTitan/Battlelands,Default/Battlelands"><![CDATA[<?xml version="1.0"?>
<battlemap terrain="Tower" tower="True">
    <battlehex x="2" y="2" terrain="Tower" elevation="1">
        <border number="0" type="w" />
        <border number="4" type="w" />
        <border number="5" type="w" />
    </battlehex>
    <battlehex x="2" y="3" terrain="Tower" elevation="1">
        <border number="3" type="w" />
        <border number="4" type="w" />
        <border number="5" type="w" />
    </battlehex>
    <battlehex x="3" y="1" terrain="Tower" elevation="1">
        <border number="0" type="w" />
        <border number="1" type="w" />
        <border number="5" type="w" />
    </battlehex>
    <battlehex x="3" y="2" terrain="Tower" elevation="2">
        <border number="0" type="w" />
        <border number="1" type="w" />
        <border number="2" type="w" />
        <border number="3" type="w" />
        <border number="4" type="w" />
        <border number="5" type="w" />
    </battlehex>
    <battlehex x="3" y="3" terrain="Tower" elevation="1">
        <border number="2" type="w" />
        <border number="3" type="w" />
        <border number="4" type="w" />
    </battlehex>
    <battlehex x="4" y="2" terrain="Tower" elevation="1">
        <border number="0" type="w" />
        <border number="1" type="w" />
        <border number="2" type="w" />
    </battlehex>
    <battlehex x="4" y="3" terrain="Tower" elevation="1">
        <border number="1" type="w" />
        <border number="2" type="w" />
        <border number="3" type="w" />
    </battlehex>
    <startlist>
        <battlehexref label="D4" />
        <battlehexref label="C4" />
        <battlehexref label="E4" />
        <battlehexref label="D3" />
        <battlehexref label="C3" />
        <battlehexref label="E3" />
        <battlehexref label="D5" />
    </startlist>
</battlemap>
]]></DataFile>
    <DataFile DataFileKey="Hills.xml,SmallTitan/Battlelands,Default/Battlelands"><![CDATA[<?xml version="1.0"?>
<battlemap terrain="Hills" tower="False">
    <battlehex x="1" y="2" terrain="Plains" elevation="1">
        <border number="0" type="s" />
        <border number="1" type="s" />
        <border number="2" type="s" />
        <border number="3" type="s" />
        <border number="4" type="s" />
        <border number="5" type="s" />
    </battlehex>
    <battlehex x="1" y="4" terrain="Plains" elevation="1">
        <border number="0" type="s" />
        <border number="1" type="s" />
        <border number="2" type="s" />
        <border number="5" type="s" />
    </battlehex>
    <battlehex x="2" y="2" terrain="Tree" elevation="1">
    </battlehex>
    <battlehex x="2" y="4" terrain="Tree" elevation="1">
    </battlehex>
    <battlehex x="3" y="0" terrain="Plains" elevation="1">
        <border number="2" type="s" />
        <border number="3" type="s" />
        <border number="4" type="s" />
    </battlehex>
    <battlehex x="3" y="4" terrain="Plains" elevation="1">
        <border number="0" type="s" />
        <border number="1" type="s" />
        <border number="2" type="s" />
        <border number="3" type="s" />
        <border number="4" type="s" />
        <border number="5" type="s" />
    </battlehex>
    <battlehex x="4" y="3" terrain="Plains" elevation="1">
        <border number="0" type="s" />
        <border number="1" type="s" />
        <border number="2" type="s" />
        <border number="3" type="s" />
        <border number="4" type="s" />
        <border number="5" type="s" />
    </battlehex>
    <battlehex x="5" y="3" terrain="Tree" elevation="1">
    </battlehex>
</battlemap>
]]></DataFile>
    <DataFile DataFileKey="Mountains.xml,SmallTitan/Battlelands,Default/Battlelands"><![CDATA[<?xml version="1.0" encoding="UTF-8"?>
<battlemap terrain="Mountains" tower="False">
    <battlehex x="0" y="4" terrain="Plains" elevation="1">
        <border number="0" type="s" />
    </battlehex>
    <battlehex x="1" y="1" terrain="Plains" elevation="1">
        <border number="3" type="s" />
        <border number="4" type="s" />
    </battlehex>
    <battlehex x="1" y="3" terrain="Plains" elevation="1">
        <border number="0" type="s" />
        <border number="1" type="s" />
        <border number="2" type="s" />
        <border number="5" type="s" />
    </battlehex>
    <battlehex x="1" y="4" terrain="Plains" elevation="2">
        <border number="0" type="s" />
        <border number="1" type="c" />
        <border number="2" type="s" />
        <border number="5" type="s" />
    </battlehex>
    <battlehex x="2" y="1" terrain="Plains" elevation="2">
        <border number="2" type="s" />
        <border number="3" type="s" />
        <border number="4" type="s" />
    </battlehex>
    <battlehex x="2" y="2" terrain="Plains" elevation="1">
        <border number="3" type="s" />
        <border number="4" type="s" />
    </battlehex>
    <battlehex x="2" y="5" terrain="Plains" elevation="1">
        <border number="0" type="s" />
        <border number="1" type="s" />
        <border number="2" type="s" />
    </battlehex>
    <battlehex x="3" y="0" terrain="Plains" elevation="2">
        <border number="2" type="s" />
        <border number="3" type="s" />
    </battlehex>
    <battlehex x="3" y="1" terrain="Plains" elevation="1">
    </battlehex>
    <battlehex x="3" y="2" terrain="Volcano" elevation="2">
        <border number="0" type="s" />
        <border number="1" type="s" />
        <border number="2" type="s" />
        <border number="3" type="s" />
        <border number="4" type="c" />
        <border number="5" type="s" />
    </battlehex>
    <battlehex x="3" y="3" terrain="Plains" elevation="1">
        <border number="2" type="s" />
        <border number="3" type="s" />
        <border number="4" type="s" />
        <border number="5" type="s" />
    </battlehex>
    <battlehex x="4" y="1" terrain="Plains" elevation="1">
    </battlehex>
    <battlehex x="4" y="2" terrain="Plains" elevation="1">
    </battlehex>
    <battlehex x="4" y="3" terrain="Plains" elevation="1">
        <border number="3" type="s" />
    </battlehex>
    <battlehex x="5" y="1" terrain="Plains" elevation="2">
        <border number="3" type="s" />
        <border number="4" type="s" />
        <border number="5" type="s" />
    </battlehex>
    <battlehex x="5" y="2" terrain="Plains" elevation="1">
    </battlehex>
    <battlehex x="5" y="3" terrain="Plains" elevation="2">
        <border number="0" type="s" />
        <border number="3" type="s" />
        <border number="4" type="c" />
        <border number="5" type="s" />
    </battlehex>
    <battlehex x="5" y="4" terrain="Plains" elevation="1">
        <border number="4" type="s" />
        <border number="5" type="s" />
    </battlehex>
</battlemap>
]]></DataFile>
    <DataFile DataFileKey="Brush.xml,SmallTitan/Battlelands,Default/Battlelands"><![CDATA[<?xml version="1.0"?>
<!-- towi: giving the file-path to the dtd would not be neccessary if the 
    RecourceLoader would not return a InputStream, but a url to the 
    xml file to load. that could then passed to the SAXBuilder and it could 
    resolve relative URIs. hmm, but the recource loader is a fine thing... 
-->
<battlemap terrain="Brush" tower="False">
    <battlehex x="0" y="2" terrain="Brambles" elevation="0">
    </battlehex>
    <battlehex x="1" y="3" terrain="Brambles" elevation="0">
    </battlehex>
    <battlehex x="2" y="2" terrain="Brambles" elevation="0">
    </battlehex>
    <battlehex x="3" y="1" terrain="Brambles" elevation="0">
    </battlehex>
    <battlehex x="3" y="4" terrain="Brambles" elevation="0">
    </battlehex>
    <battlehex x="3" y="5" terrain="Brambles" elevation="0">
    </battlehex>
    <battlehex x="4" y="3" terrain="Brambles" elevation="0">
    </battlehex>
    <battlehex x="5" y="1" terrain="Brambles" elevation="0">
    </battlehex>
</battlemap>
]]></DataFile>
    <DataFile DataFileKey="DefaultTer.xml,SmallTitan,Default"><![CDATA[<?xml version="1.0"?>
<terrains>
    <terrain name="Brush" color="green" regular_recruit="True" >
        <recruit name="Gargoyle" number="1" />
        <recruit name="Cyclops" number="2" />
        <recruit name="Gorgon" number="2" />
    </terrain>
    <terrain name="Desert" color="orange" regular_recruit="True" >
        <recruit name="Lion" number="1" />
        <recruit name="Griffon" number="3" />
        <recruit name="Hydra" number="2" />
    </terrain>
    <terrain name="Hills" color="saddleBrown" regular_recruit="True" >
        <recruit name="Ogre" number="1" />
        <recruit name="Minotaur" number="3" />
        <recruit name="Unicorn" number="2" />
    </terrain>
    <terrain name="Jungle" color="darkGreen" regular_recruit="True" >
        <recruit name="Gargoyle" number="1" />
        <recruit name="Cyclops" number="2" />
        <recruit name="Behemoth" number="3" />
        <recruit name="Serpent" number="2" />
    </terrain>
    <terrain name="Marsh" color="sienna" regular_recruit="True" >
        <recruit name="Ogre" number="1" />
        <recruit name="Troll" number="2" />
        <recruit name="Ranger" number="2" />
    </terrain>
    <terrain name="Mountains" color="red" regular_recruit="True" >
        <recruit name="Lion" number="1" />
        <recruit name="Minotaur" number="2" />
        <recruit name="Dragon" number="2" />
        <recruit name="Colossus" number="2" />
    </terrain>
    <terrain name="Plains" color="yellow" regular_recruit="True" >
        <recruit name="Centaur" number="1" />
        <recruit name="Lion" number="2" />
        <recruit name="Ranger" number="2" />
    </terrain>
    <terrain name="Swamp" color="blue" regular_recruit="True" >
        <recruit name="Troll" number="1" />
        <recruit name="Wyvern" number="3" />
        <recruit name="Hydra" number="2" />
    </terrain>
<!--  Tower is a special case -->
    <terrain name="Tower" color="grey" regular_recruit="False" >
        <recruit name="Anything" number="0" />
        <recruit name="Centaur" number="0" />
        <recruit name="Anything" number="0" />
        <recruit name="Gargoyle" number="0" />
        <recruit name="Anything" number="0" />
        <recruit name="Ogre" number="0" />
        <recruit name="AnyNonLord" number="0" />
        <recruit name="Guardian" number="3" />
        <recruit name="Titan" number="-1" />
        <recruit name="Warlock" number="1" />
    </terrain>
    <terrain name="Tundra" color="skyBlue" regular_recruit="True" >
        <recruit name="Troll" number="1" />
        <recruit name="Warbear" number="2" />
        <recruit name="Giant" number="2" />
        <recruit name="Colossus" number="2" />
    </terrain>
    <terrain name="Woods" color="olive" regular_recruit="True" >
        <recruit name="Centaur" number="1" />
        <recruit name="Warbear" number="3" />
        <recruit name="Unicorn" number="2" />
    </terrain>
    <acquirable name="Angel" points="100" />
    <acquirable name="Archangel" points="500" />
</terrains>
]]></DataFile>
    <DataFile DataFileKey="Plains.xml,SmallTitan/Battlelands,Default/Battlelands"><![CDATA[<?xml version="1.0"?>
<battlemap terrain="Plains" tower="False">
</battlemap>
]]></DataFile>
    <History>
        <Reveal markerId="Rd01" allPlayers="true" turn="1">
            <creatures>
            </creatures>
        </Reveal>
        <Reveal markerId="Br01" allPlayers="true" turn="1">
            <creatures>
            </creatures>
        </Reveal>
    </History>
    <Redo>
    </Redo>
</ColossusSnapshot>

