<?xml version="1.0"?>

<ruleset name="Colossus" xmlns="http://pmd.sf.net/ruleset/1.0.0" xmlns:xsi="http://www.w3.org/2001/XMLSchema-instance" xsi:schemaLocation="http://pmd.sf.net/ruleset/1.0.0 http://pmd.sf.net/ruleset_xml_schema.xsd" xsi:noNamespaceSchemaLocation="http://pmd.sf.net/ruleset_xml_schema.xsd">

  <description>
    The Colossus PMD ruleset
  </description>

  <rule ref="rulesets/coupling.xml" />

<!-- 
  <rule ref="rulesets/basic.xml" />
  <rule ref="rulesets/braces.xml" />
  <rule ref="rulesets/codesize.xml">
    <properties>
      <property name="reportLevel" value="5" />
    </properties>
  </rule>
  <rule ref="rulesets/design.xml" />
  <rule ref="rulesets/imports.xml" />
  <rule ref="rulesets/javabeans.xml" />
  <rule ref="rulesets/junit.xml" />
  <rule ref="rulesets/logging-java.xml" />
  <rule ref="rulesets/strictexception.xml" />
  <rule ref="rulesets/strings.xml" />
  <rule ref="rulesets/typeresolution.xml" />
  <rule ref="rulesets/unusedcode.xml" />
 -->  
</ruleset>




