<?xml version="1.0"?>
<creatures version="2">
    <creature name="Allosaur" power="8" skill="4" rangestrikes="false" flies="false" Brambles="true" Drift="false" Bog="false" Sand="false" slope="false" Volcano="false" river="false" Stone="false" Tree="false" Lake="false" Spring="false" magic_missile="false" summonable="false" lord="false" demilord="false" count="25" plural_name="Allosaurs" base_color="hydraOrange" />
    <creature name="Angel" power="6" skill="4" rangestrikes="false" flies="true" Brambles="false" Drift="false" Bog="false" Sand="false" slope="false" Volcano="false" river="false" Stone="false" Tree="false" Lake="false" Spring="false" magic_missile="false" summonable="true" lord="true" demilord="false" count="18" plural_name="Angels" base_color="giantBlue" />
    <creature name="Ankylosaur" power="16" skill="3" rangestrikes="false" flies="false" Brambles="false" Drift="false" Bog="false" Sand="false" slope="false" Volcano="false" river="false" Stone="false" Tree="false" Lake="false" Spring="false" magic_missile="false" summonable="false" lord="false" demilord="false" count="25" plural_name="Ankylosaurs" base_color="ankylosaurPurple" />
    <creature name="Archangel" power="9" skill="4" rangestrikes="false" flies="true" Brambles="false" Drift="false" Bog="false" Sand="false" slope="false" Volcano="false" river="false" Stone="false" Tree="false" Lake="false" Spring="false" magic_missile="false" summonable="true" lord="true" demilord="false" count="6" plural_name="Archangels" base_color="hydraOrange" />
    <creature name="Archaopteryx" power="5" skill="4" rangestrikes="false" flies="true" Brambles="false" Drift="false" Bog="false" Sand="false" slope="false" Volcano="false" river="false" Stone="false" Tree="true" Lake="false" Spring="false" magic_missile="false" summonable="false" lord="false" demilord="false" count="25" plural_name="Archaopteryx" base_color="red"/>
    <creature name="Ceratopsian" power="8" skill="2" rangestrikes="false" flies="false" Brambles="true" Drift="false" Bog="false" Sand="false" slope="false" Volcano="false" river="false" Stone="false" Tree="false" Lake="false" Spring="false" magic_missile="false" summonable="false" lord="false" demilord="false" count="25" plural_name="Ceratopsians" base_color="ceratopsianBrown"/>
    <creature name="Ceratosaurus" power="7" skill="3" rangestrikes="false" flies="false" Brambles="true" Drift="false" Bog="false" Sand="false" slope="true" Volcano="false" river="false" Stone="false" Tree="false" Lake="false" Spring="false" magic_missile="false" summonable="false" lord="false" demilord="false" count="36" plural_name="Ceratosaurus" base_color="saddleBrown"/>
    <creature name="Couatl" power="13" skill="4" rangestrikes="true" flies="true" Brambles="false" Drift="false" Bog="true" Sand="false" slope="true" Volcano="false" river="true" Stone="false" Tree="false" Lake="true" Spring="true" magic_missile="true" summonable="true" lord="true" demilord="false" count="2" plural_name="Couatls" base_color="lawnGreen" poison="1"/>
    <creature name="Crocodile" power="8" skill="3" rangestrikes="false" flies="false" Brambles="false" Drift="false" Bog="true" Sand="false" slope="false" Volcano="false" river="true" Stone="false" Tree="false" Lake="true" Spring="true" magic_missile="false" summonable="false" lord="false" demilord="false" count="18" plural_name="Crocodiles" base_color="lawnGreen"/>
    <creature name="Deinosuchus" power="10" skill="3" rangestrikes="false" flies="false" Brambles="false" Drift="false" Bog="true" Sand="false" slope="false" Volcano="false" river="false" Stone="false" Tree="false" Lake="true" Spring="true" magic_missile="false" summonable="false" lord="false" demilord="false" count="18" plural_name="Deinosuchus" base_color="deinosuchusBrown"/>
    <creature name="Eoraptor" power="3" skill="4" rangestrikes="false" flies="false" Brambles="true" Drift="false" Bog="false" Sand="false" slope="false" Volcano="false" river="false" Stone="false" Tree="false" Lake="false" Spring="false" magic_missile="false" summonable="false" lord="false" demilord="false" count="30" plural_name="Eoraptors" base_color="springGreen"/>
    <creature name="FlightlessBird" power="8" skill="4" rangestrikes="false" flies="false" Brambles="false" Drift="false" Bog="false" Sand="false" slope="false" Volcano="false" river="false" Stone="false" Tree="false" Lake="false" Spring="false" magic_missile="false" summonable="false" lord="false" demilord="false" count="25" plural_name="FlightlessBirds" base_color="lightSlateGray"/>
    <creature name="GoldDragon" power="13" skill="5" rangestrikes="true" flies="true" Brambles="false" Drift="false" Bog="true" Sand="true" slope="true" Volcano="true" river="false" Stone="false" Tree="false" Lake="false" Spring="false" magic_missile="false" summonable="false" lord="false" demilord="false" count="3" plural_name="GoldDragons" base_color="gold" />
    <creature name="Guardian" power="12" skill="2" rangestrikes="false" flies="true" Brambles="false" Drift="false" Bog="false" Sand="false" slope="false" Volcano="false" river="false" Stone="false" Tree="false" Lake="false" Spring="false" magic_missile="false" summonable="false" lord="false" demilord="true" count="6" plural_name="Guardians" base_color="colossusPink" />
    <creature name="Pachycephalosaur" power="6" skill="2" rangestrikes="false" flies="false" Brambles="true" Drift="false" Bog="false" Sand="false" slope="false" Volcano="false" river="false" Stone="false" Tree="false" Lake="false" Spring="false" magic_missile="false" summonable="false" lord="false" demilord="false" count="30" plural_name="Pachycephalosaurs" base_color="deepSkyBlue"/>
    <creature name="Pachyrhinosaurus" power="11" skill="3" rangestrikes="false" flies="false" Brambles="false" Drift="false" Bog="false" Sand="false" slope="false" Volcano="false" river="false" Stone="false" Tree="false" Lake="false" Spring="false" magic_missile="false" summonable="false" lord="false" demilord="false" count="25" plural_name="Pachycrhinosaurus" base_color="forestGreen"/>
    <creature name="PoisonSerpent" power="14" skill="3" rangestrikes="false" flies="false" Brambles="false" Drift="false" Bog="true" Sand="false" slope="false" Volcano="false" river="true" Stone="false" Tree="false" Lake="true" Spring="true" magic_missile="false" summonable="false" lord="false" demilord="false" count="12" plural_name="PoisonSerpents" base_color="lawnGreen" poison="1"/>
    <creature name="Prosauropod" power="14" skill="2" rangestrikes="false" flies="false" Brambles="false" Drift="false" Bog="false" Sand="false" slope="true" Volcano="false" river="false" Stone="false" Tree="false" Lake="false" Spring="false" magic_missile="false" summonable="false" lord="false" demilord="false" count="25" plural_name="Prosauropods" base_color="oliveDrab"/>
    <creature name="Pteranodon" power="5" skill="3" rangestrikes="false" flies="true" Brambles="false" Drift="false" Bog="true" Sand="false" slope="false" Volcano="false" river="false" Stone="false" Tree="false" Lake="false" Spring="false" magic_missile="false" summonable="false" lord="false" demilord="false" count="25" plural_name="Pteranodons" base_color="hydraOrange"/>
    <creature name="Pterodactyl" power="4" skill="3" rangestrikes="false" flies="true" Brambles="false" Drift="false" Bog="true" Sand="false" slope="false" Volcano="false" river="false" Stone="false" Tree="false" Lake="false" Spring="false" magic_missile="false" summonable="false" lord="false" demilord="false" count="30" plural_name="Pterodactyls" base_color="orange"/>
    <creature name="Quetzalcoatlas" power="7" skill="3" rangestrikes="false" flies="true" Brambles="false" Drift="false" Bog="true" Sand="false" slope="false" Volcano="false" river="false" Stone="false" Tree="false" Lake="false" Spring="false" magic_missile="false" summonable="false" lord="false" demilord="false" count="25" plural_name="Quetzalcoatlas" base_color="peru"/>
    <creature name="RedDragon" power="8" skill="5" rangestrikes="true" flies="true" Brambles="false" Drift="false" Bog="true" Sand="false" slope="true" Volcano="true" river="false" Stone="false" Tree="false" Lake="false" Spring="false" magic_missile="false" summonable="false" lord="false" demilord="false" count="18" plural_name="RedDragons" base_color="orangeRed" />
    <creature name="Sauropod" power="25" skill="2" rangestrikes="false" flies="false" Brambles="false" Drift="false" Bog="false" Sand="false" slope="true" Volcano="false" river="false" Stone="false" Tree="false" Lake="false" Spring="false" magic_missile="false" summonable="false" lord="false" demilord="false" count="25" plural_name="Sauropods" base_color="lightSlateGray"/>
    <creature name="Serpent" power="13" skill="3" rangestrikes="false" flies="false" Brambles="false" Drift="false" Bog="true" Sand="false" slope="false" Volcano="false" river="true" Stone="false" Tree="false" Lake="true" Spring="true" magic_missile="false" summonable="false" lord="false" demilord="false" count="18" plural_name="Serpents" base_color="darkOrange" />
    <creature name="SilverDragon" power="11" skill="5" rangestrikes="true" flies="true" Brambles="false" Drift="false" Bog="true" Sand="true" slope="true" Volcano="true" river="false" Stone="false" Tree="false" Lake="false" Spring="false" magic_missile="false" summonable="false" lord="false" demilord="false" count="8" plural_name="SilverDragons" base_color="SilverColossus" />
    <creature name="Snake" power="9" skill="3" rangestrikes="false" flies="false" Brambles="false" Drift="false" Bog="false" Sand="true" slope="false" Volcano="false" river="false" Stone="false" Tree="false" Lake="false" Spring="false" magic_missile="false" summonable="false" lord="false" demilord="false" count="25" plural_name="Snakes" base_color="greenYellow"/>
    <creature name="Spinosaur" power="11" skill="4" rangestrikes="false" flies="false" Brambles="false" Drift="false" Bog="false" Sand="true" slope="false" Volcano="false" river="false" Stone="false" Tree="false" Lake="false" Spring="false" magic_missile="false" summonable="false" lord="false" demilord="false" count="25" plural_name="Spinosaurs" base_color="darkOrange"/>
    <creature name="SpittingCobra" power="12" skill="3" rangestrikes="true" flies="false" Brambles="false" Drift="false" Bog="false" Sand="true" slope="false" Volcano="false" river="false" Stone="false" Tree="false" Lake="false" Spring="false" magic_missile="false" summonable="false" lord="false" demilord="false" count="25" plural_name="SpittingCobras" base_color="darkGray"/>
    <creature name="SpittingSerpent" power="11" skill="4" rangestrikes="true" flies="false" Brambles="false" Drift="false" Bog="false" Sand="false" slope="false" Volcano="false" river="true" Stone="false" Tree="false" Lake="true" Spring="true" magic_missile="false" summonable="false" lord="false" demilord="false" count="10" plural_name="SpittingSerpent" base_color="sandyBrown" poison="1"/>
    <creature name="Stegosaur" power="19" skill="2" rangestrikes="false" flies="false" Brambles="false" Drift="false" Bog="false" Sand="false" slope="true" Volcano="false" river="false" Stone="false" Tree="false" Lake="false" Spring="false" magic_missile="false" summonable="false" lord="false" demilord="false" count="25" plural_name="Stegosaurs" base_color="hydraOrange"/>
    <creature name="Titan" power="-1" skill="5" rangestrikes="false" flies="false" Brambles="false" Drift="false" Bog="false" Sand="false" slope="false" Volcano="false" river="false" Stone="false" Tree="false" Lake="false" Spring="false" magic_missile="false" summonable="false" lord="true" demilord="false" count="6" plural_name="Titans" base_color="black" />
    <creature name="Triceratops" power="10" skill="2" rangestrikes="false" flies="false" Brambles="true" Drift="false" Bog="false" Sand="false" slope="true" Volcano="false" river="false" Stone="false" Tree="false" Lake="false" Spring="false" magic_missile="false" summonable="false" lord="false" demilord="false" count="36" plural_name="Triceratops" base_color="mediumSpringGreen"/>
    <creature name="Tyrannosaur" power="12" skill="4" rangestrikes="false" flies="false" Brambles="true" Drift="false" Bog="false" Sand="false" slope="false" Volcano="false" river="false" Stone="false" Tree="false" Lake="false" Spring="false" magic_missile="false" summonable="false" lord="false" demilord="false" count="25" plural_name="Tyrannosaurs" base_color="lightSeaGreen"/>
    <creature name="Velociraptor" power="4" skill="4" rangestrikes="false" flies="false" Brambles="false" Drift="false" Bog="false" Sand="false" slope="false" Volcano="false" river="false" Stone="false" Tree="false" Lake="false" Spring="false" magic_missile="false" summonable="false" lord="false" demilord="false" count="25" plural_name="Velociraptors" base_color="orangeRed"/>
    <creature name="Warlock" power="5" skill="4" rangestrikes="true" flies="false" Brambles="false" Drift="false" Bog="false" Sand="false" slope="false" Volcano="false" river="false" Stone="false" Tree="false" Lake="false" Spring="false" magic_missile="true" summonable="false" lord="false" demilord="true" count="6" plural_name="Warlocks" base_color="hydraOrange" />
    <creature name="WingedSerpent" power="12" skill="4" rangestrikes="true" flies="true" Brambles="false" Drift="false" Bog="true" Sand="false" slope="false" Volcano="false" river="true" Stone="false" Tree="false" Lake="true" Spring="true" magic_missile="false" summonable="false" lord="false" demilord="false" count="6" plural_name="WingedSerpents" base_color="sandyBrown" poison="1"/>
    <creature name="Wyvern" power="10" skill="3" rangestrikes="false" flies="true" Brambles="false" Drift="false" Bog="true" Sand="false" slope="false" Volcano="false" river="false" Stone="false" Tree="false" Lake="false" Spring="false" magic_missile="false" summonable="false" lord="false" demilord="false" count="25" plural_name="Wyverns" base_color="blue"/>
</creatures>
