<?xml version="1.0"?>
<board width="19" height="10" >
<!--  Outlands map designed by Mike Schneider -->
<!--  http://groups.yahoo.com/group/TC_Boardgamer/files/Titan-outlands.htm -->
<!--  This file based on Romain's ExtTitan.map -->
<!--  $Id: OutlandsMap.xml 2313 2003-10-21 04:01:30Z dripton $ -->
    <hex label="1" terrain="Plains" xpos="9" ypos="6">
        <exit type="ARROWS" label="2" />
        <exit type="ARCH" label="1000" />
    </hex>
    <hex label="2" terrain="Mountains" xpos="10" ypos="6">
        <exit type="ARROWS" label="3" />
        <exit type="ARCH" label="7" />
    </hex>
    <hex label="3" terrain="Brush" xpos="10" ypos="7">
        <exit type="ARROWS" label="4" />
        <exit type="ARCH" label="100" />
    </hex>
    <hex label="4" terrain="Hills" xpos="11" ypos="7">
        <exit type="ARROWS" label="5" />
        <exit type="BLOCK" label="103" />
    </hex>
    <hex label="5" terrain="Jungle" xpos="12" ypos="7">
        <exit type="ARROWS" label="6" />
        <exit type="BLOCK" label="106" />
    </hex>
    <hex label="6" terrain="Plains" xpos="12" ypos="6">
        <exit type="ARROWS" label="7" />
        <exit type="ARCH" label="200" />
    </hex>
    <hex label="7" terrain="Woods" xpos="11" ypos="6">
        <exit type="ARROWS" label="8" />
        <exit type="ARCH" label="2" />
    </hex>
    <hex label="8" terrain="Marsh" xpos="11" ypos="5">
        <exit type="ARROWS" label="9" />
        <exit type="ARCH" label="2000" />
    </hex>
    <hex label="9" terrain="Hills" xpos="12" ypos="5">
        <exit type="ARROWS" label="10" />
        <exit type="ARCH" label="14" />
    </hex>
    <hex label="10" terrain="Brush" xpos="13" ypos="5">
        <exit type="ARROWS" label="11" />
        <exit type="ARCH" label="200" />
    </hex>
    <hex label="11" terrain="Mountains" xpos="14" ypos="5">
        <exit type="ARROWS" label="12" />
        <exit type="BLOCK" label="110" />
    </hex>
    <hex label="12" terrain="Jungle" xpos="14" ypos="4">
        <exit type="ARROWS" label="13" />
        <exit type="BLOCK" label="113" />
    </hex>
    <hex label="13" terrain="Marsh" xpos="13" ypos="4">
        <exit type="ARROWS" label="14" />
        <exit type="ARCH" label="300" />
    </hex>
    <hex label="14" terrain="Swamp" xpos="12" ypos="4">
        <exit type="ARROWS" label="15" />
        <exit type="ARCH" label="9" />
    </hex>
    <hex label="15" terrain="Plains" xpos="11" ypos="4">
        <exit type="ARROWS" label="16" />
        <exit type="ARCH" label="3000" />
    </hex>
    <hex label="16" terrain="Mountains" xpos="11" ypos="3">
        <exit type="ARROWS" label="17" />
        <exit type="ARCH" label="21" />
    </hex>
    <hex label="17" terrain="Brush" xpos="12" ypos="3">
        <exit type="ARROWS" label="18" />
        <exit type="ARCH" label="300" />
    </hex>
    <hex label="18" terrain="Hills" xpos="12" ypos="2">
        <exit type="ARROWS" label="19" />
        <exit type="BLOCK" label="117" />
    </hex>
    <hex label="19" terrain="Jungle" xpos="11" ypos="2">
        <exit type="ARROWS" label="20" />
        <exit type="BLOCK" label="120" />
    </hex>
    <hex label="20" terrain="Plains" xpos="10" ypos="2">
        <exit type="ARROWS" label="21" />
        <exit type="ARCH" label="400" />
    </hex>
    <hex label="21" terrain="Woods" xpos="10" ypos="3">
        <exit type="ARROWS" label="22" />
        <exit type="ARCH" label="16" />
    </hex>
    <hex label="22" terrain="Marsh" xpos="9" ypos="3">
        <exit type="ARROWS" label="23" />
        <exit type="ARCH" label="4000" />
    </hex>
    <hex label="23" terrain="Hills" xpos="8" ypos="3">
        <exit type="ARROWS" label="24" />
        <exit type="ARCH" label="28" />
    </hex>
    <hex label="24" terrain="Brush" xpos="8" ypos="2">
        <exit type="ARROWS" label="25" />
        <exit type="ARCH" label="400" />
    </hex>
    <hex label="25" terrain="Mountains" xpos="7" ypos="2">
        <exit type="ARROWS" label="26" />
        <exit type="BLOCK" label="124" />
    </hex>
    <hex label="26" terrain="Jungle" xpos="6" ypos="2">
        <exit type="ARROWS" label="27" />
        <exit type="BLOCK" label="127" />
    </hex>
    <hex label="27" terrain="Marsh" xpos="6" ypos="3">
        <exit type="ARROWS" label="28" />
        <exit type="ARCH" label="500" />
    </hex>
    <hex label="28" terrain="Swamp" xpos="7" ypos="3">
        <exit type="ARROWS" label="29" />
        <exit type="ARCH" label="23" />
    </hex>
    <hex label="29" terrain="Wasteland" xpos="7" ypos="4">
        <exit type="ARROWS" label="30" />
        <exit type="ARCH" label="5000" />
    </hex>
    <hex label="30" terrain="Mountains" xpos="6" ypos="4">
        <exit type="ARROWS" label="31" />
        <exit type="ARCH" label="35" />
    </hex>
    <hex label="31" terrain="Brush" xpos="5" ypos="4">
        <exit type="ARROWS" label="32" />
        <exit type="ARCH" label="500" />
    </hex>
    <hex label="32" terrain="Jungle" xpos="4" ypos="4">
        <exit type="ARROWS" label="33" />
        <exit type="BLOCK" label="131" />
    </hex>
    <hex label="33" terrain="Hills" xpos="4" ypos="5">
        <exit type="ARROWS" label="34" />
        <exit type="BLOCK" label="134" />
    </hex>
    <hex label="34" terrain="Plains" xpos="5" ypos="5">
        <exit type="ARROWS" label="35" />
        <exit type="ARCH" label="600" />
    </hex>
    <hex label="35" terrain="Woods" xpos="6" ypos="5">
        <exit type="ARROWS" label="36" />
        <exit type="ARCH" label="30" />
    </hex>
    <hex label="36" terrain="Mountains" xpos="7" ypos="5">
        <exit type="ARROWS" label="37" />
        <exit type="ARCH" label="6000" />
    </hex>
    <hex label="37" terrain="Hills" xpos="7" ypos="6">
        <exit type="ARROWS" label="38" />
        <exit type="ARCH" label="42" />
    </hex>
    <hex label="38" terrain="Brush" xpos="6" ypos="6">
        <exit type="ARROWS" label="39" />
        <exit type="ARCH" label="600" />
    </hex>
    <hex label="39" terrain="Mountains" xpos="6" ypos="7">
        <exit type="ARROWS" label="40" />
        <exit type="BLOCK" label="138" />
    </hex>
    <hex label="40" terrain="Jungle" xpos="7" ypos="7">
        <exit type="ARROWS" label="41" />
        <exit type="BLOCK" label="141" />
    </hex>
    <hex label="41" terrain="Marsh" xpos="8" ypos="7">
        <exit type="ARROWS" label="42" />
        <exit type="ARCH" label="100" />
    </hex>
    <hex label="42" terrain="Swamp" xpos="8" ypos="6">
        <exit type="ARROWS" label="1" />
        <exit type="ARCH" label="37" />
    </hex>
<!--  (old) Outer rim -->
    <hex label="101" terrain="Hills" xpos="9" ypos="8">
        <exit type="ARROWS" label="142" />
        <exit type="ARCH" label="100" />
    </hex>
    <hex label="102" terrain="Wasteland" xpos="10" ypos="8">
        <exit type="ARROWS" label="101" />
        <exit type="ARCH" label="202" />
    </hex>
    <hex label="103" terrain="Marsh" xpos="11" ypos="8">
        <exit type="ARROWS" label="102" />
        <exit type="ARCH" label="4" />
    </hex>
    <hex label="104" terrain="Wasteland" xpos="12" ypos="8">
        <exit type="ARROWS" label="103" />
        <exit type="ARCH" label="204" />
    </hex>
    <hex label="105" terrain="Plains" xpos="13" ypos="8">
        <exit type="ARROWS" label="104" />
        <exit type="ARCH" label="207" />
    </hex>
    <hex label="106" terrain="Desert" xpos="13" ypos="7">
        <exit type="ARROWS" label="105" />
        <exit type="ARCH" label="5" />
    </hex>
    <hex label="107" terrain="Woods" xpos="14" ypos="7">
        <exit type="ARROWS" label="106" />
        <exit type="ARCH" label="209" />
    </hex>
    <hex label="108" terrain="Wasteland" xpos="14" ypos="6">
        <exit type="ARROWS" label="107" />
        <exit type="ARCH" label="200" />
    </hex>
    <hex label="109" terrain="Brush" xpos="15" ypos="6">
        <exit type="ARROWS" label="108" />
        <exit type="ARCH" label="211" />
    </hex>
    <hex label="110" terrain="Plains" xpos="15" ypos="5">
        <exit type="ARROWS" label="109" />
        <exit type="ARCH" label="11" />
    </hex>
    <hex label="111" terrain="Swamp" xpos="16" ypos="5">
        <exit type="ARROWS" label="110" />
        <exit type="ARCH" label="213" />
    </hex>
    <hex label="112" terrain="Wasteland" xpos="16" ypos="4">
        <exit type="ARROWS" label="111" />
        <exit type="ARCH" label="216" />
    </hex>
    <hex label="113" terrain="Brush" xpos="15" ypos="4">
        <exit type="ARROWS" label="112" />
        <exit type="ARCH" label="12" />
    </hex>
    <hex label="114" terrain="Mountains" xpos="15" ypos="3">
        <exit type="ARROWS" label="113" />
        <exit type="ARCH" label="218" />
    </hex>
    <hex label="115" terrain="Wasteland" xpos="14" ypos="3">
        <exit type="ARROWS" label="114" />
        <exit type="ARCH" label="300" />
    </hex>
    <hex label="116" terrain="Desert" xpos="14" ypos="2">
        <exit type="ARROWS" label="115" />
        <exit type="ARCH" label="220" />
    </hex>
    <hex label="117" terrain="Marsh" xpos="13" ypos="2">
        <exit type="ARROWS" label="116" />
        <exit type="ARCH" label="18" />
    </hex>
    <hex label="118" terrain="Woods" xpos="13" ypos="1">
        <exit type="ARROWS" label="117" />
        <exit type="ARCH" label="222" />
    </hex>
    <hex label="119" terrain="Mountains" xpos="12" ypos="1">
        <exit type="ARROWS" label="118" />
        <exit type="ARCH" label="225" />
    </hex>
    <hex label="120" terrain="Brush" xpos="11" ypos="1">
        <exit type="ARROWS" label="119" />
        <exit type="ARCH" label="19" />
    </hex>
    <hex label="121" terrain="Swamp" xpos="10" ypos="1">
        <exit type="ARROWS" label="120" />
        <exit type="ARCH" label="227" />
    </hex>
    <hex label="122" terrain="Hills" xpos="9" ypos="1">
        <exit type="ARROWS" label="121" />
        <exit type="ARCH" label="400" />
    </hex>
    <hex label="123" terrain="Mountains" xpos="8" ypos="1">
        <exit type="ARROWS" label="122" />
        <exit type="ARCH" label="229" />
    </hex>
    <hex label="124" terrain="Plains" xpos="7" ypos="1">
        <exit type="ARROWS" label="123" />
        <exit type="ARCH" label="25" />
    </hex>
    <hex label="125" terrain="Wasteland" xpos="6" ypos="1">
        <exit type="ARROWS" label="124" />
        <exit type="ARCH" label="231" />
    </hex>
    <hex label="126" terrain="Marsh" xpos="5" ypos="1">
        <exit type="ARROWS" label="125" />
        <exit type="ARCH" label="234" />
    </hex>
    <hex label="127" terrain="Desert" xpos="5" ypos="2">
        <exit type="ARROWS" label="126" />
        <exit type="ARCH" label="26" />
    </hex>
    <hex label="128" terrain="Woods" xpos="4" ypos="2">
        <exit type="ARROWS" label="127" />
        <exit type="ARCH" label="236" />
    </hex>
    <hex label="129" terrain="Plains" xpos="4" ypos="3">
        <exit type="ARROWS" label="128" />
        <exit type="ARCH" label="500" />
    </hex>
    <hex label="130" terrain="Brush" xpos="3" ypos="3">
        <exit type="ARROWS" label="129" />
        <exit type="ARCH" label="238" />
    </hex>
    <hex label="131" terrain="Wasteland" xpos="3" ypos="4">
        <exit type="ARROWS" label="130" />
        <exit type="ARCH" label="32" />
    </hex>
    <hex label="132" terrain="Swamp" xpos="2" ypos="4">
        <exit type="ARROWS" label="131" />
        <exit type="ARCH" label="240" />
    </hex>
    <hex label="133" terrain="Mountains" xpos="2" ypos="5">
        <exit type="ARROWS" label="132" />
        <exit type="ARCH" label="243" />
    </hex>
    <hex label="134" terrain="Brush" xpos="3" ypos="5">
        <exit type="ARROWS" label="133" />
        <exit type="ARCH" label="33" />
    </hex>
    <hex label="135" terrain="Wasteland" xpos="3" ypos="6">
        <exit type="ARROWS" label="134" />
        <exit type="ARCH" label="245" />
    </hex>
    <hex label="136" terrain="Marsh" xpos="4" ypos="6">
        <exit type="ARROWS" label="135" />
        <exit type="ARCH" label="600" />
    </hex>
    <hex label="137" terrain="Desert" xpos="4" ypos="7">
        <exit type="ARROWS" label="136" />
        <exit type="ARCH" label="247" />
    </hex>
    <hex label="138" terrain="Plains" xpos="5" ypos="7">
        <exit type="ARROWS" label="137" />
        <exit type="ARCH" label="39" />
    </hex>
    <hex label="139" terrain="Woods" xpos="5" ypos="8">
        <exit type="ARROWS" label="138" />
        <exit type="ARCH" label="249" />
    </hex>
    <hex label="140" terrain="Marsh" xpos="6" ypos="8">
        <exit type="ARROWS" label="139" />
        <exit type="ARCH" label="252" />
    </hex>
    <hex label="141" terrain="Swamp" xpos="7" ypos="8">
        <exit type="ARROWS" label="140" />
        <exit type="ARCH" label="40" />
    </hex>
    <hex label="142" terrain="Mountains" xpos="8" ypos="8">
        <exit type="ARROWS" label="141" />
        <exit type="ARCH" label="254" />
    </hex>
<!--  Towers -->
    <hex label="100" terrain="Tower" xpos="9" ypos="7">
        <exit type="ARROW" label="41" />
        <exit type="ARROW" label="101" />
        <exit type="ARROW" label="3" />
    </hex>
    <hex label="200" terrain="Tower" xpos="13" ypos="6">
        <exit type="ARROW" label="6" />
        <exit type="ARROW" label="108" />
        <exit type="ARROW" label="10" />
    </hex>
    <hex label="300" terrain="Tower" xpos="13" ypos="3">
        <exit type="ARROW" label="13" />
        <exit type="ARROW" label="115" />
        <exit type="ARROW" label="17" />
    </hex>
    <hex label="400" terrain="Tower" xpos="9" ypos="2">
        <exit type="ARROW" label="20" />
        <exit type="ARROW" label="122" />
        <exit type="ARROW" label="24" />
    </hex>
    <hex label="500" terrain="Tower" xpos="5" ypos="3">
        <exit type="ARROW" label="27" />
        <exit type="ARROW" label="129" />
        <exit type="ARROW" label="31" />
    </hex>
    <hex label="600" terrain="Tower" xpos="5" ypos="6">
        <exit type="ARROW" label="34" />
        <exit type="ARROW" label="136" />
        <exit type="ARROW" label="38" />
    </hex>
<!--  inner circle -->
    <hex label="1000" terrain="Desert" xpos="9" ypos="5">
        <exit type="BLOCK" label="1" />
        <exit type="ARROW" label="2000" />
        <exit type="ARROW" label="6000" />
    </hex>
    <hex label="2000" terrain="Lava" xpos="10" ypos="5">
        <exit type="BLOCK" label="8" />
        <exit type="ARROW" label="3000" />
        <exit type="ARROW" label="1000" />
    </hex>
    <hex label="3000" terrain="Springs" xpos="10" ypos="4">
        <exit type="BLOCK" label="15" />
        <exit type="ARROW" label="4000" />
        <exit type="ARROW" label="2000" />
    </hex>
    <hex label="4000" terrain="Desert" xpos="9" ypos="4">
        <exit type="BLOCK" label="22" />
        <exit type="ARROW" label="5000" />
        <exit type="ARROW" label="3000" />
    </hex>
    <hex label="5000" terrain="Lava" xpos="8" ypos="4">
        <exit type="BLOCK" label="29" />
        <exit type="ARROW" label="6000" />
        <exit type="ARROW" label="4000" />
    </hex>
    <hex label="6000" terrain="Springs" xpos="8" ypos="5">
        <exit type="BLOCK" label="36" />
        <exit type="ARROW" label="1000" />
        <exit type="ARROW" label="5000" />
    </hex>
<!--  new outer rim -->
    <hex label="201" terrain="Mountains" xpos="9" ypos="9">
        <exit type="ARROWS" label="202" />
    </hex>
    <hex label="202" terrain="Woods" xpos="10" ypos="9">
        <exit type="ARROWS" label="203" />
        <exit type="ARCH" label="102" />
    </hex>
    <hex label="203" terrain="Mountains" xpos="11" ypos="9">
        <exit type="ARROWS" label="204" />
    </hex>
    <hex label="204" terrain="Brush" xpos="12" ypos="9">
        <exit type="ARROWS" label="205" />
        <exit type="BLOCK" label="104" />
    </hex>
    <hex label="205" terrain="Jungle" xpos="13" ypos="9">
        <exit type="ARROWS" label="206" />
    </hex>
    <hex label="206" terrain="Springs" xpos="14" ypos="9">
        <exit type="ARROWS" label="207" />
    </hex>
    <hex label="207" terrain="Swamp" xpos="14" ypos="8">
        <exit type="ARROWS" label="208" />
        <exit type="ARCH" label="105" />
    </hex>
    <hex label="208" terrain="Brush" xpos="15" ypos="8">
        <exit type="ARROWS" label="209" />
    </hex>
    <hex label="209" terrain="Mountains" xpos="15" ypos="7">
        <exit type="ARROWS" label="210" />
        <exit type="BLOCK" label="107" />
    </hex>
    <hex label="210" terrain="Marsh" xpos="16" ypos="7">
        <exit type="ARROWS" label="211" />
    </hex>
    <hex label="211" terrain="Woods" xpos="16" ypos="6">
        <exit type="ARROWS" label="212" />
        <exit type="ARCH" label="109" />
    </hex>
    <hex label="212" terrain="Wasteland" xpos="17" ypos="6">
        <exit type="ARROWS" label="213" />
    </hex>
    <hex label="213" terrain="Hills" xpos="17" ypos="5">
        <exit type="ARROWS" label="214" />
        <exit type="BLOCK" label="111" />
    </hex>
    <hex label="214" terrain="Jungle" xpos="18" ypos="5">
        <exit type="ARROWS" label="215" />
    </hex>
    <hex label="215" terrain="Brush" xpos="18" ypos="4">
        <exit type="ARROWS" label="216" />
    </hex>
    <hex label="216" terrain="Lava" xpos="17" ypos="4">
        <exit type="ARROWS" label="217" />
        <exit type="ARCH" label="112" />
    </hex>
    <hex label="217" terrain="Marsh" xpos="17" ypos="3">
        <exit type="ARROWS" label="218" />
    </hex>
    <hex label="218" terrain="Brush" xpos="16" ypos="3">
        <exit type="ARROWS" label="219" />
        <exit type="BLOCK" label="114" />
    </hex>
    <hex label="219" terrain="Plains" xpos="16" ypos="2">
        <exit type="ARROWS" label="220" />
    </hex>
    <hex label="220" terrain="Swamp" xpos="15" ypos="2">
        <exit type="ARROWS" label="221" />
        <exit type="ARCH" label="116" />
    </hex>
    <hex label="221" terrain="Marsh" xpos="15" ypos="1">
        <exit type="ARROWS" label="222" />
    </hex>
    <hex label="222" terrain="Mountains" xpos="14" ypos="1">
        <exit type="ARROWS" label="223" />
        <exit type="BLOCK" label="118" />
    </hex>
    <hex label="223" terrain="Jungle" xpos="14" ypos="0">
        <exit type="ARROWS" label="224" />
    </hex>
    <hex label="224" terrain="Wasteland" xpos="13" ypos="0">
        <exit type="ARROWS" label="225" />
    </hex>
    <hex label="225" terrain="Plains" xpos="12" ypos="0">
        <exit type="ARROWS" label="226" />
        <exit type="ARCH" label="119" />
    </hex>
    <hex label="226" terrain="Brush" xpos="11" ypos="0">
        <exit type="ARROWS" label="227" />
    </hex>
    <hex label="227" terrain="Hills" xpos="10" ypos="0">
        <exit type="ARROWS" label="228" />
        <exit type="BLOCK" label="121" />
    </hex>
    <hex label="228" terrain="Wasteland" xpos="9" ypos="0">
        <exit type="ARROWS" label="229" />
    </hex>
    <hex label="229" terrain="Woods" xpos="8" ypos="0">
        <exit type="ARROWS" label="230" />
        <exit type="ARCH" label="123" />
    </hex>
    <hex label="230" terrain="Desert" xpos="7" ypos="0">
        <exit type="ARROWS" label="231" />
    </hex>
    <hex label="231" terrain="Mountains" xpos="6" ypos="0">
        <exit type="ARROWS" label="232" />
        <exit type="BLOCK" label="125" />
    </hex>
    <hex label="232" terrain="Jungle" xpos="5" ypos="0">
        <exit type="ARROWS" label="233" />
    </hex>
    <hex label="233" terrain="Springs" xpos="4" ypos="0">
        <exit type="ARROWS" label="234" />
    </hex>
    <hex label="234" terrain="Swamp" xpos="4" ypos="1">
        <exit type="ARROWS" label="235" />
        <exit type="ARCH" label="126" />
    </hex>
    <hex label="235" terrain="Brush" xpos="3" ypos="1">
        <exit type="ARROWS" label="236" />
    </hex>
    <hex label="236" terrain="Mountains" xpos="3" ypos="2">
        <exit type="ARROWS" label="237" />
        <exit type="BLOCK" label="128" />
    </hex>
    <hex label="237" terrain="Plains" xpos="2" ypos="2">
        <exit type="ARROWS" label="238" />
    </hex>
    <hex label="238" terrain="Woods" xpos="2" ypos="3">
        <exit type="ARROWS" label="239" />
        <exit type="ARCH" label="130" />
    </hex>
    <hex label="239" terrain="Marsh" xpos="1" ypos="3">
        <exit type="ARROWS" label="240" />
    </hex>
    <hex label="240" terrain="Hills" xpos="1" ypos="4">
        <exit type="ARROWS" label="241" />
        <exit type="BLOCK" label="132" />
    </hex>
    <hex label="241" terrain="Jungle" xpos="0" ypos="4">
        <exit type="ARROWS" label="242" />
    </hex>
    <hex label="242" terrain="Brush" xpos="0" ypos="5">
        <exit type="ARROWS" label="243" />
    </hex>
    <hex label="243" terrain="Lava" xpos="1" ypos="5">
        <exit type="ARROWS" label="244" />
        <exit type="ARCH" label="133" />
    </hex>
    <hex label="244" terrain="Plains" xpos="1" ypos="6">
        <exit type="ARROWS" label="245" />
    </hex>
    <hex label="245" terrain="Brush" xpos="2" ypos="6">
        <exit type="ARROWS" label="246" />
        <exit type="BLOCK" label="135" />
    </hex>
    <hex label="246" terrain="Marsh" xpos="2" ypos="7">
        <exit type="ARROWS" label="247" />
    </hex>
    <hex label="247" terrain="Swamp" xpos="3" ypos="7">
        <exit type="ARROWS" label="248" />
        <exit type="ARCH" label="137" />
    </hex>
    <hex label="248" terrain="Plains" xpos="3" ypos="8">
        <exit type="ARROWS" label="249" />
    </hex>
    <hex label="249" terrain="Mountains" xpos="4" ypos="8">
        <exit type="ARROWS" label="250" />
        <exit type="BLOCK" label="139" />
    </hex>
    <hex label="250" terrain="Jungle" xpos="4" ypos="9">
        <exit type="ARROWS" label="251" />
    </hex>
    <hex label="251" terrain="Brush" xpos="5" ypos="9">
        <exit type="ARROWS" label="252" />
    </hex>
    <hex label="252" terrain="Desert" xpos="6" ypos="9">
        <exit type="ARROWS" label="253" />
        <exit type="ARCH" label="140" />
    </hex>
    <hex label="253" terrain="Wasteland" xpos="7" ypos="9">
        <exit type="ARROWS" label="254" />
    </hex>
    <hex label="254" terrain="Hills" xpos="8" ypos="9">
        <exit type="ARROWS" label="201" />
        <exit type="BLOCK" label="142" />
    </hex>
</board>
