<?xml version="1.0"?>
<creatures version="2">
<!-- NAME           POWER SKILL RANGE FLY BRAMBLE DRIFT BOG SANDDUN SLOPE VOLCN RIVER STONE TREE  WATER MGCMSL SUMON LORD DEMILORD COUNT PLURALNAME     BASECOLOR -->
    <creature name="AirElemental" power="5" skill="5" rangestrikes="false" flies="true" Brambles="false" Drift="true" Bog="false" Sand="false" slope="false" Volcano="false" river="false" Stone="false" Tree="false" Lake="false" magic_missile="false" summonable="false" lord="false" demilord="true" count="12" plural_name="AirElementals" base_color="black" />
    <creature name="Angel" power="6" skill="4" rangestrikes="false" flies="true" Brambles="false" Drift="false" Bog="false" Sand="false" slope="false" Volcano="false" river="false" Stone="false" Tree="false" Lake="false" magic_missile="false" summonable="true" lord="true" demilord="false" count="36" plural_name="Angels" base_color="giantBlue" />
    <creature name="Archangel" power="10" skill="4" rangestrikes="false" flies="true" Brambles="false" Drift="false" Bog="false" Sand="false" slope="false" Volcano="false" river="false" Stone="false" Tree="false" Lake="false" magic_missile="false" summonable="true" lord="true" demilord="false" count="12" plural_name="Archangels" base_color="hydraOrange" />
    <creature name="Archdevil" power="9" skill="4" rangestrikes="true" flies="true" Brambles="false" Drift="false" Bog="false" Sand="false" slope="false" Volcano="false" river="false" Stone="false" Tree="false" Lake="false" magic_missile="false" summonable="true" lord="true" demilord="false" count="12" plural_name="Archdevils" base_color="red" />
    <creature name="Archmage" power="9" skill="4" rangestrikes="true" flies="false" Brambles="false" Drift="false" Bog="false" Sand="false" slope="false" Volcano="false" river="false" Stone="false" Tree="false" Lake="false" magic_missile="true" summonable="true" lord="true" demilord="false" count="12" plural_name="Archmages" base_color="hydraOrange" />
    <creature name="Basilisk" power="10" skill="3" rangestrikes="false" flies="false" Brambles="false" Drift="false" Bog="true" Sand="false" slope="false" Volcano="false" river="false" Stone="false" Tree="false" Lake="false" magic_missile="false" summonable="false" lord="false" demilord="false" count="24" plural_name="Basilisks" base_color="seaGreen" />
    <creature name="Beelzebub" power="13" skill="4" rangestrikes="true" flies="true" Brambles="false" Drift="false" Bog="false" Sand="false" slope="false" Volcano="false" river="false" Stone="false" Tree="false" Lake="false" magic_missile="true" summonable="true" lord="true" demilord="false" count="1" plural_name="Beelzebubs" base_color="black" />
    <creature name="Centaur" power="3" skill="4" rangestrikes="false" flies="false" Brambles="false" Drift="false" Bog="false" Sand="false" slope="false" Volcano="false" river="false" Stone="false" Tree="false" Lake="false" magic_missile="false" summonable="false" lord="false" demilord="false" count="60" plural_name="Centaurs" base_color="centaurGold" />
    <creature name="Colossus" power="12" skill="4" rangestrikes="false" flies="false" Brambles="false" Drift="false" Bog="false" Sand="false" slope="true" Volcano="false" river="false" Stone="false" Tree="false" Lake="false" magic_missile="false" summonable="false" lord="false" demilord="false" count="20" plural_name="Colossi" base_color="colossusPink" />
    <creature name="Death" power="16" skill="3" rangestrikes="false" flies="true" Brambles="true" Drift="false" Bog="false" Sand="false" slope="false" Volcano="false" river="false" Stone="false" Tree="false" Lake="false" magic_missile="false" summonable="true" lord="true" demilord="false" count="1" plural_name="Deaths" base_color="black" />
    <creature name="Devil" power="6" skill="4" rangestrikes="true" flies="false" Brambles="false" Drift="false" Bog="false" Sand="false" slope="false" Volcano="false" river="false" Stone="false" Tree="false" Lake="false" magic_missile="false" summonable="true" lord="false" demilord="true" count="36" plural_name="Devils" base_color="red" />
    <creature name="Djinn" power="6" skill="4" rangestrikes="true" flies="true" Brambles="false" Drift="false" Bog="false" Sand="true" slope="true" Volcano="false" river="false" Stone="false" Tree="false" Lake="false" magic_missile="false" summonable="false" lord="false" demilord="false" count="36" plural_name="Djinni" base_color="centaurGold" />
    <creature name="Dragon" power="11" skill="3" rangestrikes="true" flies="true" Brambles="false" Drift="false" Bog="false" Sand="false" slope="true" Volcano="true" river="false" Stone="false" Tree="false" Lake="false" magic_missile="false" summonable="false" lord="false" demilord="false" count="36" plural_name="Dragons" base_color="red" />
    <creature name="EarthElemental" power="16" skill="2" rangestrikes="false" flies="false" Brambles="false" Drift="false" Bog="false" Sand="false" slope="true" Volcano="false" river="false" Stone="false" Tree="false" Lake="false" magic_missile="false" summonable="false" lord="false" demilord="true" count="12" plural_name="EarthElementals" base_color="ogreRed" />
    <creature name="Ent" power="12" skill="2" rangestrikes="false" flies="false" Brambles="false" Drift="false" Bog="true" Sand="false" slope="false" Volcano="false" river="false" Stone="false" Tree="true" Lake="false" magic_missile="false" summonable="false" lord="false" demilord="false" count="36" plural_name="Ents" base_color="ogreRed" />
    <creature name="Fiend" power="13" skill="3" rangestrikes="true" flies="false" Brambles="false" Drift="false" Bog="false" Sand="false" slope="false" Volcano="false" river="false" Stone="false" Tree="false" Lake="false" magic_missile="false" summonable="true" lord="true" demilord="false" count="16" plural_name="Fiends" base_color="red" />
    <creature name="FireElemental" power="10" skill="3" rangestrikes="true" flies="false" Brambles="false" Drift="false" Bog="false" Sand="true" slope="true" Volcano="true" river="false" Stone="false" Tree="false" Lake="false" magic_missile="false" summonable="false" lord="false" demilord="true" count="12" plural_name="FireElementals" base_color="hydraOrange" />
    <creature name="Ghost" power="9" skill="3" rangestrikes="false" flies="true" Brambles="true" Drift="false" Bog="false" Sand="false" slope="false" Volcano="false" river="false" Stone="true" Tree="false" Lake="false" magic_missile="false" summonable="false" lord="false" demilord="false" count="30" plural_name="Ghosts" base_color="darkSlateGray" />
    <creature name="Giant" power="8" skill="4" rangestrikes="true" flies="false" Brambles="false" Drift="true" Bog="false" Sand="false" slope="false" Volcano="false" river="false" Stone="false" Tree="false" Lake="false" magic_missile="false" summonable="false" lord="false" demilord="false" count="36" plural_name="Giants" base_color="giantBlue" />
    <creature name="Goblin" power="4" skill="3" rangestrikes="false" flies="false" Brambles="false" Drift="false" Bog="true" Sand="false" slope="true" Volcano="false" river="false" Stone="false" Tree="false" Lake="false" magic_missile="false" summonable="false" lord="false" demilord="false" count="60" plural_name="Goblins" base_color="ogreRed" />
    <creature name="Golem" power="14" skill="2" rangestrikes="false" flies="false" Brambles="false" Drift="false" Bog="false" Sand="false" slope="false" Volcano="false" river="false" Stone="false" Tree="false" Lake="false" magic_missile="false" summonable="false" lord="false" demilord="true" count="20" plural_name="Golems" base_color="colossusPink" />
    <creature name="Hydra" power="12" skill="3" rangestrikes="true" flies="false" Brambles="false" Drift="false" Bog="true" Sand="false" slope="false" Volcano="false" river="false" Stone="false" Tree="false" Lake="false" magic_missile="false" summonable="false" lord="false" demilord="false" count="24" plural_name="Hydrae" base_color="hydraOrange" />
    <creature name="Imp" power="6" skill="3" rangestrikes="true" flies="false" Brambles="false" Drift="false" Bog="false" Sand="false" slope="false" Volcano="false" river="false" Stone="false" Tree="false" Lake="false" magic_missile="false" summonable="false" lord="false" demilord="true" count="36" plural_name="Imps" base_color="ogreRed" />
    <creature name="Knight" power="4" skill="5" rangestrikes="false" flies="false" Brambles="false" Drift="false" Bog="false" Sand="false" slope="false" Volcano="false" river="false" Stone="false" Tree="false" Lake="false" magic_missile="false" summonable="false" lord="false" demilord="false" count="30" plural_name="Knights" base_color="slateGray" />
    <creature name="Lich" power="10" skill="3" rangestrikes="true" flies="false" Brambles="true" Drift="false" Bog="false" Sand="false" slope="false" Volcano="false" river="false" Stone="false" Tree="false" Lake="false" magic_missile="true" summonable="false" lord="false" demilord="false" count="24" plural_name="Liches" base_color="black" />
    <creature name="Lion" power="5" skill="3" rangestrikes="false" flies="false" Brambles="false" Drift="false" Bog="false" Sand="true" slope="true" Volcano="false" river="false" Stone="false" Tree="false" Lake="false" magic_missile="false" summonable="false" lord="false" demilord="false" count="42" plural_name="Lions" base_color="red" />
    <creature name="Mage" power="7" skill="4" rangestrikes="true" flies="false" Brambles="false" Drift="false" Bog="false" Sand="false" slope="false" Volcano="false" river="false" Stone="false" Tree="false" Lake="false" magic_missile="true" summonable="false" lord="false" demilord="true" count="12" plural_name="Mages" base_color="ogreRed" />
    <creature name="Mammoth" power="24" skill="2" rangestrikes="false" flies="false" Brambles="false" Drift="true" Bog="false" Sand="false" slope="false" Volcano="false" river="false" Stone="false" Tree="false" Lake="false" magic_missile="false" summonable="false" lord="false" demilord="false" count="20" plural_name="Mammoths" base_color="giantBlue" />
    <creature name="Manticore" power="14" skill="3" rangestrikes="false" flies="true" Brambles="false" Drift="false" Bog="false" Sand="false" slope="true" Volcano="false" river="false" Stone="false" Tree="false" Lake="false" magic_missile="false" summonable="false" lord="false" demilord="false" count="20" plural_name="Manticores" base_color="black" />
    <creature name="Minotaur" power="5" skill="4" rangestrikes="false" flies="false" Brambles="false" Drift="false" Bog="false" Sand="false" slope="true" Volcano="false" river="false" Stone="false" Tree="false" Lake="false" magic_missile="false" summonable="false" lord="false" demilord="false" count="36" plural_name="Minotaurs" base_color="ogreRed" />
    <creature name="Mummy" power="18" skill="2" rangestrikes="false" flies="false" Brambles="true" Drift="false" Bog="false" Sand="false" slope="false" Volcano="false" river="false" Stone="false" Tree="false" Lake="false" magic_missile="false" summonable="false" lord="false" demilord="false" count="20" plural_name="Mummies" base_color="black" />
    <creature name="Naga" power="4" skill="4" rangestrikes="false" flies="false" Brambles="false" Drift="true" Bog="true" Sand="false" slope="false" Volcano="false" river="false" Stone="false" Tree="false" Lake="false" magic_missile="false" summonable="false" lord="false" demilord="false" count="42" plural_name="Nagas" base_color="red" />
    <creature name="Phantom" power="13" skill="3" rangestrikes="false" flies="true" Brambles="true" Drift="false" Bog="false" Sand="false" slope="false" Volcano="false" river="false" Stone="true" Tree="false" Lake="false" magic_missile="false" summonable="true" lord="true" demilord="false" count="12" plural_name="Phantoms" base_color="colossusPink" />
    <creature name="Phoenix" power="8" skill="4" rangestrikes="true" flies="true" Brambles="false" Drift="false" Bog="false" Sand="true" slope="false" Volcano="true" river="false" Stone="false" Tree="false" Lake="false" magic_missile="false" summonable="false" lord="false" demilord="false" count="24" plural_name="Phoenixes" base_color="hydraOrange" />
    <creature name="Ranger" power="4" skill="4" rangestrikes="true" flies="true" Brambles="false" Drift="false" Bog="true" Sand="false" slope="false" Volcano="false" river="false" Stone="false" Tree="false" Lake="false" magic_missile="false" summonable="false" lord="false" demilord="false" count="56" plural_name="Rangers" base_color="colossusPink" />
    <creature name="Shade" power="8" skill="2" rangestrikes="false" flies="true" Brambles="true" Drift="false" Bog="false" Sand="false" slope="false" Volcano="false" river="false" Stone="true" Tree="false" Lake="false" magic_missile="false" summonable="false" lord="false" demilord="false" count="42" plural_name="Shades" base_color="black" />
    <creature name="Skeleton" power="6" skill="2" rangestrikes="false" flies="false" Brambles="true" Drift="false" Bog="false" Sand="false" slope="false" Volcano="false" river="false" Stone="false" Tree="false" Lake="false" magic_missile="false" summonable="false" lord="false" demilord="false" count="60" plural_name="Skeletons" base_color="black" />
    <creature name="Spectre" power="11" skill="3" rangestrikes="false" flies="true" Brambles="true" Drift="false" Bog="false" Sand="false" slope="false" Volcano="false" river="false" Stone="true" Tree="false" Lake="false" magic_missile="false" summonable="false" lord="false" demilord="true" count="12" plural_name="Spectres" base_color="black" />
    <creature name="Titan" power="-1" skill="4" rangestrikes="false" flies="false" Brambles="false" Drift="false" Bog="false" Sand="false" slope="false" Volcano="false" river="false" Stone="false" Tree="false" Lake="false" magic_missile="false" summonable="false" lord="true" demilord="false" count="12" plural_name="Titans" base_color="black" />
    <creature name="Unicorn" power="11" skill="4" rangestrikes="false" flies="false" Brambles="false" Drift="false" Bog="false" Sand="false" slope="false" Volcano="false" river="false" Stone="false" Tree="false" Lake="false" magic_missile="false" summonable="false" lord="false" demilord="false" count="20" plural_name="Unicorns" base_color="hydraOrange" />
    <creature name="Vampire" power="8" skill="3" rangestrikes="false" flies="false" Brambles="true" Drift="false" Bog="false" Sand="false" slope="false" Volcano="false" river="false" Stone="false" Tree="false" Lake="false" magic_missile="false" summonable="false" lord="false" demilord="false" count="50" plural_name="Vampires" base_color="black" />
    <creature name="Warbear" power="7" skill="3" rangestrikes="false" flies="false" Brambles="false" Drift="true" Bog="false" Sand="false" slope="false" Volcano="false" river="false" Stone="false" Tree="false" Lake="false" magic_missile="false" summonable="false" lord="false" demilord="false" count="36" plural_name="Warbears" base_color="centaurGold" />
    <creature name="WaterElemental" power="8" skill="4" rangestrikes="false" flies="false" Brambles="false" Drift="false" Bog="true" Sand="false" slope="false" Volcano="false" river="false" Stone="false" Tree="false" Lake="false" magic_missile="false" summonable="false" lord="false" demilord="true" count="12" plural_name="WaterElementals" base_color="giantBlue" />
    <creature name="Wraith" power="12" skill="3" rangestrikes="true" flies="true" Brambles="true" Drift="false" Bog="false" Sand="false" slope="false" Volcano="false" river="false" Stone="true" Tree="false" Lake="false" magic_missile="true" summonable="false" lord="false" demilord="false" count="24" plural_name="Wraiths" base_color="black" />
    <creature name="Wyvern" power="6" skill="3" rangestrikes="false" flies="true" Brambles="false" Drift="false" Bog="true" Sand="true" slope="false" Volcano="false" river="false" Stone="false" Tree="false" Lake="false" magic_missile="false" summonable="false" lord="false" demilord="false" count="42" plural_name="Wyverns" base_color="colossusPink" />
    <creature name="Zombie" power="10" skill="2" rangestrikes="false" flies="false" Brambles="true" Drift="false" Bog="false" Sand="false" slope="false" Volcano="false" river="false" Stone="false" Tree="false" Lake="false" magic_missile="false" summonable="false" lord="false" demilord="false" count="36" plural_name="Zombies" base_color="black" />
</creatures>
