<?xml version="1.0"?>
<creatures version="2">
    <creature name="Titan" power="-1" skill="5" rangestrikes="false" flies="false" Brambles="false" Drift="false" Bog="false" Sand="false" slope="false" Volcano="false" river="false" Stone="false" Tree="false" Lake="false" magic_missile="false" summonable="false" lord="true" demilord="false" count="9" plural_name="Titans" base_color="black" />
    <creature name="Angel" power="6" skill="4" rangestrikes="false" flies="true" Brambles="false" Drift="false" Bog="false" Sand="false" slope="false" Volcano="false" river="false" Stone="false" Tree="false" Lake="false" magic_missile="false" summonable="true" lord="true" demilord="false" count="36" plural_name="Angels" base_color="giantBlue" />
    <creature name="Archangel" power="9" skill="4" rangestrikes="false" flies="true" Brambles="false" Drift="false" Bog="false" Sand="false" slope="false" Volcano="false" river="false" Stone="false" Tree="false" Lake="false" magic_missile="false" summonable="true" lord="true" demilord="false" count="12" plural_name="Archangels" base_color="hydraOrange" />
    <creature name="Guardian" power="12" skill="2" rangestrikes="false" flies="true" Brambles="false" Drift="false" Bog="false" Sand="false" slope="false" Volcano="false" river="false" Stone="false" Tree="false" Lake="false" magic_missile="false" summonable="false" lord="false" demilord="true" count="12" plural_name="Guardians" base_color="colossusPink" />
    <creature name="Knight" power="9" skill="5" rangestrikes="false" flies="false" Brambles="false" Drift="false" Bog="false" Sand="false" slope="false" Volcano="false" river="false" Stone="false" Tree="false" Lake="false" magic_missile="false" summonable="false" lord="true" demilord="false" count="12" plural_name="Knights" base_color="black" />
    <creature name="Warlock" power="5" skill="4" rangestrikes="true" flies="false" Brambles="false" Drift="false" Bog="false" Sand="false" slope="false" Volcano="false" river="false" Stone="false" Tree="false" Lake="false" magic_missile="true" summonable="false" lord="false" demilord="true" count="12" plural_name="Warlocks" base_color="hydraOrange" />
    <creature name="Druid" power="3" skill="5" rangestrikes="true" flies="false" Brambles="false" Drift="true" Bog="false" Sand="false" slope="false" Volcano="false" river="false" Stone="false" Tree="false" Lake="false" magic_missile="true" summonable="false" lord="false" demilord="true" count="36" plural_name="Druids" base_color="ogreRed" />
    <creature name="AirElemental" power="5" skill="4" rangestrikes="true" flies="true" Brambles="true" Drift="true" Bog="true" Sand="true" slope="true" Volcano="false" river="false" Stone="false" Tree="false" Lake="false" magic_missile="true" summonable="false" lord="false" demilord="false" count="42" plural_name="AirElementals" base_color="black" />
    <creature name="EarthElemental" power="8" skill="4" rangestrikes="true" flies="true" Brambles="true" Drift="true" Bog="false" Sand="true" slope="true" Volcano="false" river="false" Stone="false" Tree="false" Lake="false" magic_missile="true" summonable="false" lord="false" demilord="false" count="36" plural_name="EarthElementals" base_color="ogreRed" />
    <creature name="WaterElemental" power="11" skill="4" rangestrikes="true" flies="true" Brambles="false" Drift="true" Bog="true" Sand="false" slope="false" Volcano="false" river="true" Stone="false" Tree="false" Lake="true" magic_missile="true" summonable="false" lord="false" demilord="false" count="30" plural_name="WaterElementals" base_color="giantBlue" />
    <creature name="FireElemental" power="14" skill="4" rangestrikes="true" flies="true" Brambles="false" Drift="true" Bog="false" Sand="true" slope="true" Volcano="true" river="false" Stone="false" Tree="true" Lake="false" magic_missile="true" summonable="false" lord="false" demilord="false" count="24" plural_name="FireElementals" base_color="hydraOrange" />
    <creature name="Balrog" power="20" skill="5" rangestrikes="true" flies="true" Brambles="true" Drift="true" Bog="true" Sand="true" slope="true" Volcano="true" river="false" Stone="false" Tree="true" Lake="false" magic_missile="true" summonable="true" lord="true" demilord="true" count="1" plural_name="Balrogs" base_color="black" />
    <creature name="Gargoyle" power="4" skill="3" rangestrikes="false" flies="true" Brambles="true" Drift="false" Bog="false" Sand="false" slope="false" Volcano="false" river="false" Stone="false" Tree="false" Lake="false" magic_missile="false" summonable="false" lord="false" demilord="false" count="42" plural_name="Gargoyles" base_color="black" />
    <creature name="Cyclops" power="9" skill="2" rangestrikes="false" flies="false" Brambles="true" Drift="false" Bog="false" Sand="false" slope="false" Volcano="false" river="false" Stone="false" Tree="false" Lake="false" magic_missile="false" summonable="false" lord="false" demilord="false" count="56" plural_name="Cyclopes" base_color="behemothGreen" />
    <creature name="Gorgon" power="6" skill="3" rangestrikes="true" flies="true" Brambles="true" Drift="false" Bog="false" Sand="false" slope="false" Volcano="false" river="false" Stone="false" Tree="false" Lake="false" magic_missile="false" summonable="false" lord="false" demilord="false" count="50" plural_name="Gorgons" base_color="black" />
    <creature name="Behemoth" power="8" skill="3" rangestrikes="false" flies="false" Brambles="true" Drift="false" Bog="false" Sand="false" slope="false" Volcano="false" river="false" Stone="false" Tree="false" Lake="false" magic_missile="false" summonable="false" lord="false" demilord="false" count="36" plural_name="Behemoths" base_color="behemothGreen" />
    <creature name="Manticore" power="8" skill="3" rangestrikes="true" flies="true" Brambles="true" Drift="false" Bog="false" Sand="false" slope="false" Volcano="false" river="false" Stone="false" Tree="false" Lake="false" magic_missile="false" summonable="false" lord="false" demilord="false" count="28" plural_name="Manticores" base_color="black" />
    <creature name="Serpent" power="18" skill="2" rangestrikes="false" flies="false" Brambles="true" Drift="false" Bog="false" Sand="false" slope="false" Volcano="false" river="false" Stone="false" Tree="false" Lake="false" magic_missile="false" summonable="false" lord="false" demilord="false" count="20" plural_name="Serpents" base_color="hydraOrange" />
    <creature name="Jabberwok" power="27" skill="2" rangestrikes="false" flies="false" Brambles="true" Drift="false" Bog="false" Sand="false" slope="false" Volcano="false" river="false" Stone="false" Tree="false" Lake="false" magic_missile="false" summonable="false" lord="false" demilord="false" count="16" plural_name="Jabberwok" base_color="behemothGreen" />
    <creature name="Wraith" power="40" skill="2" rangestrikes="true" flies="true" Brambles="true" Drift="false" Bog="false" Sand="false" slope="false" Volcano="false" river="false" Stone="false" Tree="false" Lake="false" magic_missile="false" summonable="true" lord="false" demilord="true" count="2" plural_name="Wraiths" base_color="colossusPink" />
    <creature name="Centaur" power="3" skill="4" rangestrikes="false" flies="false" Brambles="false" Drift="false" Bog="false" Sand="false" slope="false" Volcano="false" river="false" Stone="false" Tree="false" Lake="false" magic_missile="false" summonable="false" lord="false" demilord="false" count="50" plural_name="Centaurs" base_color="centaurGold" />
    <creature name="Ogre" power="6" skill="2" rangestrikes="false" flies="false" Brambles="false" Drift="false" Bog="true" Sand="false" slope="true" Volcano="false" river="false" Stone="false" Tree="false" Lake="false" magic_missile="false" summonable="false" lord="false" demilord="false" count="50" plural_name="Ogres" base_color="ogreRed" />
    <creature name="Lion" power="5" skill="3" rangestrikes="false" flies="false" Brambles="false" Drift="false" Bog="false" Sand="true" slope="true" Volcano="false" river="false" Stone="false" Tree="false" Lake="false" magic_missile="false" summonable="false" lord="false" demilord="false" count="56" plural_name="Lions" base_color="red" />
    <creature name="Troll" power="8" skill="2" rangestrikes="false" flies="false" Brambles="false" Drift="true" Bog="true" Sand="false" slope="false" Volcano="false" river="false" Stone="false" Tree="false" Lake="false" magic_missile="false" summonable="false" lord="false" demilord="false" count="56" plural_name="Trolls" base_color="giantBlue" />
    <creature name="Minotaur" power="4" skill="4" rangestrikes="true" flies="false" Brambles="false" Drift="false" Bog="false" Sand="false" slope="true" Volcano="false" river="false" Stone="false" Tree="false" Lake="false" magic_missile="false" summonable="false" lord="false" demilord="false" count="42" plural_name="Minotaurs" base_color="ogreRed" />
    <creature name="Warbear" power="6" skill="3" rangestrikes="false" flies="false" Brambles="false" Drift="true" Bog="false" Sand="false" slope="false" Volcano="false" river="false" Stone="false" Tree="false" Lake="false" magic_missile="false" summonable="false" lord="false" demilord="false" count="42" plural_name="Warbears" base_color="centaurGold" />
    <creature name="Ranger" power="4" skill="4" rangestrikes="true" flies="true" Brambles="false" Drift="false" Bog="true" Sand="false" slope="false" Volcano="false" river="false" Stone="false" Tree="false" Lake="false" magic_missile="false" summonable="false" lord="false" demilord="false" count="56" plural_name="Rangers" base_color="colossusPink" />
    <creature name="Salamander" power="8" skill="3" rangestrikes="false" flies="false" Brambles="false" Drift="false" Bog="true" Sand="false" slope="false" Volcano="false" river="false" Stone="false" Tree="false" Lake="false" magic_missile="false" summonable="false" lord="false" demilord="false" count="20" plural_name="Salamanders" base_color="ogreRed" />
    <creature name="Griffon" power="5" skill="4" rangestrikes="false" flies="true" Brambles="false" Drift="false" Bog="false" Sand="true" slope="false" Volcano="false" river="false" Stone="false" Tree="false" Lake="false" magic_missile="false" summonable="false" lord="false" demilord="false" count="36" plural_name="Griffons" base_color="hydraOrange" />
    <creature name="Wyvern" power="7" skill="3" rangestrikes="false" flies="true" Brambles="false" Drift="false" Bog="true" Sand="false" slope="false" Volcano="false" river="false" Stone="false" Tree="false" Lake="false" magic_missile="false" summonable="false" lord="false" demilord="false" count="36" plural_name="Wyverns" base_color="colossusPink" />
    <creature name="Unicorn" power="6" skill="4" rangestrikes="false" flies="false" Brambles="false" Drift="false" Bog="false" Sand="false" slope="true" Volcano="false" river="false" Stone="false" Tree="false" Lake="false" magic_missile="false" summonable="false" lord="false" demilord="false" count="24" plural_name="Unicorns" base_color="hydraOrange" />
    <creature name="Ent" power="12" skill="3" rangestrikes="false" flies="false" Brambles="true" Drift="false" Bog="false" Sand="false" slope="false" Volcano="false" river="false" Stone="false" Tree="true" Lake="false" magic_missile="false" summonable="false" lord="false" demilord="false" count="16" plural_name="Ents" base_color="ogreRed" />
    <creature name="Dragon" power="9" skill="3" rangestrikes="true" flies="true" Brambles="false" Drift="false" Bog="false" Sand="false" slope="true" Volcano="true" river="false" Stone="false" Tree="false" Lake="false" magic_missile="false" summonable="false" lord="false" demilord="false" count="36" plural_name="Dragons" base_color="red" />
    <creature name="Giant" power="7" skill="4" rangestrikes="true" flies="false" Brambles="false" Drift="true" Bog="false" Sand="false" slope="false" Volcano="false" river="false" Stone="false" Tree="false" Lake="false" magic_missile="false" summonable="false" lord="false" demilord="false" count="36" plural_name="Giants" base_color="giantBlue" />
    <creature name="Hydra" power="10" skill="3" rangestrikes="true" flies="false" Brambles="false" Drift="false" Bog="true" Sand="true" slope="false" Volcano="false" river="false" Stone="false" Tree="false" Lake="false" magic_missile="false" summonable="false" lord="false" demilord="false" count="20" plural_name="Hydrae" base_color="hydraOrange" />
    <creature name="Chimera" power="16" skill="3" rangestrikes="false" flies="false" Brambles="false" Drift="false" Bog="true" Sand="true" slope="false" Volcano="false" river="false" Stone="false" Tree="false" Lake="false" magic_missile="false" summonable="false" lord="false" demilord="false" count="12" plural_name="Chimerae" base_color="hydraOrange" />
    <creature name="Colossus" power="10" skill="4" rangestrikes="false" flies="false" Brambles="false" Drift="true" Bog="false" Sand="false" slope="true" Volcano="false" river="false" Stone="false" Tree="false" Lake="false" magic_missile="false" summonable="false" lord="false" demilord="false" count="20" plural_name="Colossi" base_color="colossusPink" />
    <creature name="Mammoth" power="20" skill="3" rangestrikes="false" flies="false" Brambles="false" Drift="true" Bog="false" Sand="true" slope="false" Volcano="false" river="false" Stone="false" Tree="false" Lake="false" magic_missile="false" summonable="false" lord="false" demilord="false" count="8" plural_name="Mammoths" base_color="giantBlue" />
</creatures>
