<?xml version="1.0"?>
<battlemap terrain="Desert" tower="False">
    <battlehex x="0" y="3" terrain="Sand" elevation="0">
        <border number="0" type="d" />
        <border number="1" type="d" />
    </battlehex>
    <battlehex x="0" y="4" terrain="Sand" elevation="0">
    </battlehex>
    <battlehex x="1" y="3" terrain="Sand" elevation="0">
        <border number="0" type="d" />
        <border number="1" type="d" />
        <border number="2" type="d" />
        <border number="3" type="c" />
    </battlehex>
    <battlehex x="3" y="0" terrain="Sand" elevation="0">
    </battlehex>
    <battlehex x="3" y="1" terrain="Sand" elevation="0">
        <border number="4" type="d" />
    </battlehex>
    <battlehex x="3" y="2" terrain="Sand" elevation="0">
        <border number="2" type="d" />
        <border number="3" type="c" />
        <border number="4" type="c" />
        <border number="5" type="d" />
    </battlehex>
    <battlehex x="3" y="5" terrain="Sand" elevation="0">
        <border number="0" type="d" />
        <border number="5" type="d" />
    </battlehex>
    <battlehex x="4" y="1" terrain="Sand" elevation="0">
    </battlehex>
    <battlehex x="4" y="2" terrain="Sand" elevation="0">
        <border number="2" type="d" />
        <border number="3" type="d" />
    </battlehex>
    <battlehex x="4" y="5" terrain="Sand" elevation="0">
        <border number="0" type="c" />
        <border number="1" type="d" />
        <border number="5" type="d" />
    </battlehex>
    <battlehex x="5" y="1" terrain="Sand" elevation="0">
    </battlehex>
</battlemap>
