<?xml version="1.0"?>
<battlemap terrain="Hills" tower="False">
    <battlehex x="1" y="2" terrain="Plains" elevation="1">
        <border number="0" type="s" />
        <border number="1" type="s" />
        <border number="2" type="s" />
        <border number="3" type="s" />
        <border number="4" type="s" />
        <border number="5" type="s" />
    </battlehex>
    <battlehex x="1" y="4" terrain="Plains" elevation="1">
        <border number="0" type="s" />
        <border number="1" type="s" />
        <border number="2" type="s" />
        <border number="5" type="s" />
    </battlehex>
    <battlehex x="2" y="2" terrain="Tree" elevation="1">
    </battlehex>
    <battlehex x="2" y="4" terrain="Tree" elevation="1">
    </battlehex>
    <battlehex x="3" y="0" terrain="Plains" elevation="1">
        <border number="2" type="s" />
        <border number="3" type="s" />
        <border number="4" type="s" />
    </battlehex>
    <battlehex x="3" y="4" terrain="Plains" elevation="1">
        <border number="0" type="s" />
        <border number="1" type="s" />
        <border number="2" type="s" />
        <border number="3" type="s" />
        <border number="4" type="s" />
        <border number="5" type="s" />
    </battlehex>
    <battlehex x="4" y="3" terrain="Plains" elevation="1">
        <border number="0" type="s" />
        <border number="1" type="s" />
        <border number="2" type="s" />
        <border number="3" type="s" />
        <border number="4" type="s" />
        <border number="5" type="s" />
    </battlehex>
    <battlehex x="5" y="3" terrain="Tree" elevation="1">
    </battlehex>
</battlemap>
