<?xml version="1.0"?>
<battlemap terrain="Marsh" tower="False">
    <battlehex x="0" y="2" terrain="Bog" elevation="0">
    </battlehex>
    <battlehex x="2" y="3" terrain="Bog" elevation="0">
    </battlehex>
    <battlehex x="2" y="4" terrain="Bog" elevation="0">
    </battlehex>
    <battlehex x="3" y="1" terrain="Bog" elevation="0">
    </battlehex>
    <battlehex x="4" y="3" terrain="Bog" elevation="0">
    </battlehex>
    <battlehex x="4" y="5" terrain="Bog" elevation="0">
    </battlehex>
</battlemap>
