<?xml version="1.0" encoding="UTF-8"?>
<battlemap terrain="Mountains" tower="False">
    <battlehex x="0" y="4" terrain="Plains" elevation="1">
        <border number="0" type="s" />
    </battlehex>
    <battlehex x="1" y="1" terrain="Plains" elevation="1">
        <border number="3" type="s" />
        <border number="4" type="s" />
    </battlehex>
    <battlehex x="1" y="3" terrain="Plains" elevation="1">
        <border number="0" type="s" />
        <border number="1" type="s" />
        <border number="2" type="s" />
        <border number="5" type="s" />
    </battlehex>
    <battlehex x="1" y="4" terrain="Plains" elevation="2">
        <border number="0" type="s" />
        <border number="1" type="c" />
        <border number="2" type="s" />
        <border number="5" type="s" />
    </battlehex>
    <battlehex x="2" y="1" terrain="Plains" elevation="2">
        <border number="2" type="s" />
        <border number="3" type="s" />
        <border number="4" type="s" />
    </battlehex>
    <battlehex x="2" y="2" terrain="Plains" elevation="1">
        <border number="3" type="s" />
        <border number="4" type="s" />
    </battlehex>
    <battlehex x="2" y="5" terrain="Plains" elevation="1">
        <border number="0" type="s" />
        <border number="1" type="s" />
        <border number="2" type="s" />
    </battlehex>
    <battlehex x="3" y="0" terrain="Plains" elevation="2">
        <border number="2" type="s" />
        <border number="3" type="s" />
    </battlehex>
    <battlehex x="3" y="1" terrain="Plains" elevation="1">
    </battlehex>
    <battlehex x="3" y="2" terrain="Volcano" elevation="2">
        <border number="0" type="s" />
        <border number="1" type="s" />
        <border number="2" type="s" />
        <border number="3" type="s" />
        <border number="4" type="c" />
        <border number="5" type="s" />
    </battlehex>
    <battlehex x="3" y="3" terrain="Plains" elevation="1">
        <border number="2" type="s" />
        <border number="3" type="s" />
        <border number="4" type="s" />
        <border number="5" type="s" />
    </battlehex>
    <battlehex x="4" y="1" terrain="Plains" elevation="1">
    </battlehex>
    <battlehex x="4" y="2" terrain="Plains" elevation="1">
    </battlehex>
    <battlehex x="4" y="3" terrain="Plains" elevation="1">
        <border number="3" type="s" />
    </battlehex>
    <battlehex x="5" y="1" terrain="Plains" elevation="2">
        <border number="3" type="s" />
        <border number="4" type="s" />
        <border number="5" type="s" />
    </battlehex>
    <battlehex x="5" y="2" terrain="Plains" elevation="1">
    </battlehex>
    <battlehex x="5" y="3" terrain="Plains" elevation="2">
        <border number="0" type="s" />
        <border number="3" type="s" />
        <border number="4" type="c" />
        <border number="5" type="s" />
    </battlehex>
    <battlehex x="5" y="4" terrain="Plains" elevation="1">
        <border number="4" type="s" />
        <border number="5" type="s" />
    </battlehex>
</battlemap>
