<?xml version="1.0"?>
<creatures version="2">
    <creature name="Angel" power="6" skill="4" rangestrikes="false" flies="true" Brambles="false" Drift="false" Bog="false" Sand="false" slope="false" Volcano="false" river="false" Stone="false" Tree="false" Lake="false" magic_missile="false" summonable="true" lord="true" demilord="false" count="18" plural_name="Angels" base_color="giantBlue" />
    <creature name="Archangel" power="9" skill="4" rangestrikes="false" flies="true" Brambles="false" Drift="false" Bog="false" Sand="false" slope="false" Volcano="false" river="false" Stone="false" Tree="false" Lake="false" magic_missile="false" summonable="true" lord="true" demilord="false" count="6" plural_name="Archangels" base_color="hydraOrange" />
    <creature name="Behemoth" power="8" skill="3" rangestrikes="false" flies="false" Brambles="true" Drift="false" Bog="false" Sand="false" slope="false" Volcano="false" river="false" Stone="false" Tree="false" Lake="false" magic_missile="false" summonable="false" lord="false" demilord="false" count="18" plural_name="Behemoths" base_color="behemothGreen" />
    <creature name="Centaur" power="3" skill="4" rangestrikes="false" flies="false" Brambles="false" Drift="false" Bog="false" Sand="false" slope="false" Volcano="false" river="true" Stone="false" Tree="false" Lake="false" magic_missile="false" summonable="false" lord="false" demilord="false" count="25" plural_name="Centaurs" base_color="centaurGold" />
    <creature name="Colossus" power="10" skill="4" rangestrikes="false" flies="false" Brambles="false" Drift="true" Bog="false" Sand="false" slope="true" Volcano="false" river="false" Stone="false" Tree="false" Lake="false" magic_missile="false" summonable="false" lord="false" demilord="false" count="10" plural_name="Colossi" base_color="colossusPink" />
    <creature name="Cyclops" power="9" skill="2" rangestrikes="false" flies="false" Brambles="true" Drift="false" Bog="false" Sand="false" slope="false" Volcano="false" river="false" Stone="false" Tree="false" Lake="false" magic_missile="false" summonable="false" lord="false" demilord="false" count="28" plural_name="Cyclopes" base_color="behemothGreen" />
    <creature name="Dragon" power="9" skill="3" rangestrikes="true" flies="true" Brambles="false" Drift="false" Bog="false" Sand="false" slope="true" Volcano="true" river="false" Stone="false" Tree="false" Lake="false" magic_missile="false" summonable="false" lord="false" demilord="false" count="18" plural_name="Dragons" base_color="red" />
    <creature name="Gargoyle" power="4" skill="3" rangestrikes="false" flies="true" Brambles="true" Drift="false" Bog="false" Sand="false" slope="false" Volcano="false" river="false" Stone="false" Tree="false" Lake="false" magic_missile="false" summonable="false" lord="false" demilord="false" count="21" plural_name="Gargoyles" base_color="black" />
    <creature name="Giant" power="7" skill="4" rangestrikes="true" flies="false" Brambles="false" Drift="true" Bog="false" Sand="false" slope="false" Volcano="false" river="false" Stone="false" Tree="false" Lake="false" magic_missile="false" summonable="false" lord="false" demilord="false" count="18" plural_name="Giants" base_color="giantBlue" />
    <creature name="Gorgon" power="6" skill="3" rangestrikes="true" flies="true" Brambles="true" Drift="false" Bog="false" Sand="false" slope="false" Volcano="false" river="false" Stone="false" Tree="false" Lake="false" magic_missile="false" summonable="false" lord="false" demilord="false" count="25" plural_name="Gorgons" base_color="black" />
    <creature name="Griffon" power="5" skill="4" rangestrikes="false" flies="true" Brambles="false" Drift="false" Bog="false" Sand="true" slope="false" Volcano="false" river="false" Stone="false" Tree="false" Lake="false" magic_missile="false" summonable="false" lord="false" demilord="false" count="18" plural_name="Griffons" base_color="hydraOrange" />
    <creature name="Guardian" power="12" skill="2" rangestrikes="false" flies="true" Brambles="false" Drift="false" Bog="false" Sand="false" slope="false" Volcano="false" river="false" Stone="false" Tree="false" Lake="false" magic_missile="false" summonable="false" lord="false" demilord="true" count="6" plural_name="Guardians" base_color="colossusPink" />
    <creature name="Hydra" power="10" skill="3" rangestrikes="true" flies="false" Brambles="false" Drift="false" Bog="true" Sand="true" slope="false" Volcano="false" river="false" Stone="false" Tree="false" Lake="false" magic_missile="false" summonable="false" lord="false" demilord="false" count="10" plural_name="Hydrae" base_color="hydraOrange" />
    <creature name="Lion" power="5" skill="3" rangestrikes="false" flies="false" Brambles="false" Drift="false" Bog="false" Sand="true" slope="true" Volcano="false" river="true" Stone="false" Tree="false" Lake="false" magic_missile="false" summonable="false" lord="false" demilord="false" count="28" plural_name="Lions" base_color="red" />
    <creature name="Minotaur" power="4" skill="4" rangestrikes="true" flies="false" Brambles="false" Drift="false" Bog="false" Sand="false" slope="true" Volcano="false" river="false" Stone="false" Tree="false" Lake="false" magic_missile="false" summonable="false" lord="false" demilord="false" count="21" plural_name="Minotaurs" base_color="ogreRed" />
    <creature name="Ogre" power="6" skill="2" rangestrikes="false" flies="false" Brambles="false" Drift="false" Bog="true" Sand="false" slope="true" Volcano="false" river="false" Stone="false" Tree="false" Lake="false" magic_missile="false" summonable="false" lord="false" demilord="false" count="25" plural_name="Ogres" base_color="ogreRed" />
    <creature name="Ranger" power="4" skill="4" rangestrikes="true" flies="true" Brambles="false" Drift="false" Bog="true" Sand="false" slope="false" Volcano="false" river="true" Stone="false" Tree="false" Lake="false" magic_missile="false" summonable="false" lord="false" demilord="false" count="28" plural_name="Rangers" base_color="colossusPink" />
    <creature name="Serpent" power="18" skill="2" rangestrikes="false" flies="false" Brambles="true" Drift="false" Bog="false" Sand="false" slope="false" Volcano="false" river="false" Stone="false" Tree="false" Lake="false" magic_missile="false" summonable="false" lord="false" demilord="false" count="10" plural_name="Serpents" base_color="hydraOrange" />
    <creature name="Titan" power="-1" skill="4" rangestrikes="false" flies="false" Brambles="false" Drift="false" Bog="false" Sand="false" slope="false" Volcano="false" river="false" Stone="false" Tree="false" Lake="false" magic_missile="false" summonable="false" lord="true" demilord="false" count="6" plural_name="Titans" base_color="black" />
    <creature name="Troll" power="8" skill="2" rangestrikes="false" flies="false" Brambles="false" Drift="true" Bog="true" Sand="false" slope="false" Volcano="false" river="false" Stone="false" Tree="false" Lake="false" magic_missile="false" summonable="false" lord="false" demilord="false" count="28" plural_name="Trolls" base_color="giantBlue" />
    <creature name="Unicorn" power="6" skill="4" rangestrikes="false" flies="false" Brambles="false" Drift="false" Bog="false" Sand="false" slope="true" Volcano="false" river="true" Stone="false" Tree="false" Lake="false" magic_missile="false" summonable="false" lord="false" demilord="false" count="12" plural_name="Unicorns" base_color="hydraOrange" />
    <creature name="Warbear" power="6" skill="3" rangestrikes="false" flies="false" Brambles="false" Drift="true" Bog="false" Sand="false" slope="false" Volcano="false" river="true" Stone="false" Tree="false" Lake="false" magic_missile="false" summonable="false" lord="false" demilord="false" count="21" plural_name="Warbears" base_color="centaurGold" />
    <creature name="Warlock" power="5" skill="4" rangestrikes="true" flies="false" Brambles="false" Drift="false" Bog="false" Sand="false" slope="false" Volcano="false" river="false" Stone="false" Tree="false" Lake="false" magic_missile="true" summonable="false" lord="false" demilord="true" count="6" plural_name="Warlocks" base_color="hydraOrange" />
    <creature name="Wyvern" power="7" skill="3" rangestrikes="false" flies="true" Brambles="false" Drift="false" Bog="true" Sand="false" slope="false" Volcano="false" river="false" Stone="false" Tree="false" Lake="false" magic_missile="false" summonable="false" lord="false" demilord="false" count="18" plural_name="Wyverns" base_color="colossusPink" />
</creatures>
