<?xml version="1.0"?>
<battlemap terrain="Circle" tower="False">
    <battlehex x="1" y="1" terrain="Stone" elevation="1">
    </battlehex>
    <battlehex x="1" y="3" terrain="Stone" elevation="1">
    </battlehex>
    <battlehex x="3" y="0" terrain="Stone" elevation="1">
    </battlehex>
    <battlehex x="3" y="4" terrain="Stone" elevation="1">
    </battlehex>
    <battlehex x="5" y="1" terrain="Stone" elevation="1">
    </battlehex>
    <battlehex x="5" y="3" terrain="Stone" elevation="1">
    </battlehex>
    <startlist>
        <battlehexref label="D4" />
        <battlehexref label="C4" />
        <battlehexref label="E4" />
        <battlehexref label="D3" />
        <battlehexref label="C3" />
        <battlehexref label="E3" />
        <battlehexref label="D5" />
    </startlist>
</battlemap>
