<?xml version="1.0"?>
<battlemap terrain="Tombs" tower="False">
    <battlehex x="0" y="3" terrain="Brambles" elevation="0">
    </battlehex>
    <battlehex x="1" y="1" terrain="Stone" elevation="1">
    </battlehex>
    <battlehex x="2" y="1" terrain="Brambles" elevation="0">
    </battlehex>
    <battlehex x="2" y="3" terrain="Brambles" elevation="0">
    </battlehex>
    <battlehex x="2" y="5" terrain="Brambles" elevation="0">
    </battlehex>
    <battlehex x="3" y="2" terrain="Brambles" elevation="0">
    </battlehex>
    <battlehex x="3" y="3" terrain="Stone" elevation="1">
    </battlehex>
    <battlehex x="4" y="4" terrain="Brambles" elevation="0">
    </battlehex>
    <battlehex x="5" y="1" terrain="Brambles" elevation="0">
    </battlehex>
    <battlehex x="5" y="2" terrain="Stone" elevation="1">
    </battlehex>
</battlemap>
